"order.scientific","order.common"
"Accipitriformes",""
"Actiniaria","Sea Anemones"
"Agaricales",""
"Alismatales","alismatids"
"Amphipoda","Amphipodes"
"Anaspidea","Anaspidea"
"Anseriformes",""
"Anthoathecata",""
"Anura","Frogs"
"Apiales","Apiales"
"Aquifoliales","Holly order"
"Araneae","Spiders"
"Archaeogastropoda",""
"Arthoniales",""
"Artiodactyla","Even-toed ungulate (Even-toed hoofed mammals)"
"Asparagales","asparagoid lilies"
"Asterales","Asterales"
"Auriculariales",""
"Boletales",""
"Boraginales",""
"Brassicales",""
"Bryopsidales","Bryopsidales"
"Cantharellales",""
"Caprimulgiformes","Caprimulgiformes"
"Carcharhiniformes","Whaler sharks, ground sharks"
"Carnivora","Carnivorans"
"Caryophyllales",""
"Caudata","Urodels"
"Cephalaspidea","Headshield slugs"
"Cetacea","Cetaceans"
"Charadriiformes",""
"Cheilostomatida",""
"Chitonida",""
"Clypeasteroida","Sand dollars"
"Coleoptera","beetles"
"Columbiformes","Doves and Pigeons"
"Coraciiformes","Coraciiformes"
"Cucurbitales",""
"Cyprinodontiformes","cyprinodontiformes"
"Dacrymycetales",""
"Decapoda",""
"Dipsacales",""
"Diptera","two winged flies, true flies, flies"
"Ectocarpales",""
"Enterogona",""
"Entomophthorales",""
"Equisetales","Horsetails"
"Ericales",""
"Eulipotyphla",""
"Fabales",""
"Fagales",""
"Falconiformes",""
"Forcipulatida",""
"Fucales",""
"Galliformes","Gamebird"
"Garryales",""
"Gasterosteiformes",""
"Gaviiformes",""
"Gentianales",""
"Geraniales",""
"Gigartinales",""
"Gomphales",""
"Gruiformes","Gruiformes"
"Helotiales",""
"Hemiptera","True Bugs"
"Hymenoptera","wasps, bees and ants"
"Hypnales",""
"Hypocreales",""
"Isopoda","Isopods, Pillbugs, Sowbugs, Woodlice"
"Lagomorpha","Rabbits, hares and pikas"
"Lamiales",""
"Laminariales",""
"Laurales",""
"Lecanorales",""
"Leotiales",""
"Lepidoptera","Butterflies and Moths"
"Liceales",""
"Liliales",""
"Malpighiales",""
"Malvales",""
"Marchantiales","Complex thallose liverworts"
"Mucorales",""
"Myliobatiformes","stingrays"
"Myoida",""
"Myrtales",""
"Mytiloida",""
"Neogastropoda",""
"Neotaenioglossa",""
"Neuroptera","Net-winged insects"
"Nudibranchia","Nudibranch, Sea slug"
"Nymphaeales",""
"Odonata","damselflies, dragonflies"
"Ophioglossales",""
"Orthoptera","grasshoppers, crickets and locusts"
"Ostreoida",""
"Oxalidales",""
"Passeriformes","perching birds"
"Patellogastropoda",""
"Pelecaniformes",""
"Peltigerales",""
"Perciformes","Perciformes"
"Pezizales","Pezizales"
"Physarales",""
"Piciformes",""
"Pinales","Conifers"
"Piperales",""
"Pleuronectiformes","Flatfish"
"Poales",""
"Podicipediformes","Grebes"
"Polycladida",""
"Polydesmida",""
"Polypodiales",""
"Polyporales",""
"Ranunculales",""
"Rodentia","Rodents"
"Rosales",""
"Russulales",""
"Sabellida",""
"Salmoniformes",""
"Salpida",""
"Sapindales",""
"Saxifragales",""
"Scalpelliformes",""
"Scorpaeniformes","Mail-cheeked Fishes"
"Scytosiphonales",""
"Semaeostomeae",""
"Sessilia",""
"Solanales",""
"Squamata","Scaled Reptiles"
"Strigiformes","Owl"
"Stylommatophora","Stylommatophora"
"Suliformes",""
"Teloschistales",""
"Testudines","Turtle"
"Tetraodontiformes","Puffer, Sunfish, Boxfish"
"Thecosomata",""
"Thelephorales",""
"Tremellales",""
"Trentepohliales",""
"Valvatida",""
"Veneroida",""
"Xylariales",""
