"binomial","hex_ecdf","hex_fit"
"Myliobatis californica","#65B022","#0AEC0F"
"Mustelus henlei","#65AF19","#0AEC0F"
"Triakis semifasciata","#65AF19","#0AEC0F"
"Lamna ditropis","#65AF22","#0AEC0F"
"Torpedo californica","#66B020","#0AEC0F"
"Pseudacris sierra","#62B11A","#09EC0F"
"Rana draytonii","#62B116","#09EC0E"
"Lithobates catesbeianus","#62B116","#09EC0E"
"Dicamptodon ensatus","#61B012","#09EC0E"
"Ensatina eschscholtzii","#61B00F","#09EC0D"
"Aneides lugubris","#61B00F","#09EC0D"
"Batrachoseps attenuatus","#61B00F","#09EC0D"
"Taricha torosa","#61B010","#09EC0D"
"Taricha granulosa","#61B010","#09EC0D"
"Diadophis punctatus","#51B72A","#04ED16"
"Contia tenuis","#50B82A","#04ED16"
"Coluber constrictor","#51B82A","#04ED16"
"Thamnophis sirtalis","#50B829","#04ED16"
"Thamnophis elegans","#50B829","#04ED16"
"Thamnophis atratus","#50B829","#04ED16"
"Pituophis catenifer","#50B72A","#04ED16"
"Lampropeltis californiae","#50B729","#04ED16"
"Crotalus oreganus","#55B628","#05ED14"
"Elgaria multicarinata","#51B728","#05ED14"
"Elgaria coerulea","#51B728","#05ED14"
"Charina bottae","#55B729","#05ED14"
"Sceloporus occidentalis","#55B628","#05ED14"
"Plestiodon skiltonianus","#56B729","#05ED14"
"Trachemys scripta","#60B924","#08EE10"
"Picoides pubescens","#17F11E","#00F40F"
"Picoides villosus","#17F11E","#00F40F"
"Dryocopus pileatus","#19ED1D","#00F40F"
"Melanerpes formicivorus","#19ED1D","#00F40F"
"Colaptes auratus","#18ED1D","#00F40F"
"Sphyrapicus ruber","#17F11E","#00F40F"
"Sphyrapicus nuchalis","#18F11E","#00F40F"
"Psittacara erythrogenys","#1DEB24","#01F410"
"Strix varia","#1AEA20","#00F40F"
"Athene cunicularia","#1AEA20","#00F40F"
"Bubo virginianus","#1AEA20","#00F40F"
"Asio otus","#1AEA20","#00F40F"
"Aegolius acadicus","#1AE91F","#00F40F"
"Tyto alba","#1EE821","#01F40F"
"Megaceryle alcyon","#1DEB24","#01F410"
"Streptopelia decaocto","#1CE723","#01F40F"
"Columba livia","#1CE723","#01F40F"
"Patagioenas fasciata","#1CE722","#01F40F"
"Zenaida macroura","#1CE722","#01F40F"
"Porzana carolina","#1EE624","#01F40F"
"Rallus limicola","#1EE624","#01F40F"
"Fulica americana","#1EE523","#01F40F"
"Callipepla californica","#1DEB24","#01F40F"
"Meleagris gallopavo","#1DEB24","#01F40F"
"Calidris virgata","#12E30E","#00F40D"
"Calidris canutus","#12E30E","#00F40D"
"Calidris alba","#12E30E","#00F40D"
"Calidris bairdii","#12E30E","#00F40D"
"Calidris mauri","#12E30F","#00F40D"
"Calidris alpina","#12E40F","#00F40D"
"Calidris minutilla","#12E40F","#00F40D"
"Calidris melanotos","#12E30F","#00F40D"
"Tringa incana","#13E210","#00F40D"
"Tringa semipalmata","#13E210","#00F40D"
"Tringa melanoleuca","#13E310","#00F40D"
"Numenius phaeopus","#13E410","#00F40D"
"Numenius americanus","#13E410","#00F40D"
"Gallinago delicata","#14E212","#00F40D"
"Arenaria melanocephala","#14E212","#00F40D"
"Limosa fedoa","#14E212","#00F40D"
"Phalaropus lobatus","#13E511","#00F40D"
"Phalaropus fulicarius","#13E410","#00F40D"
"Actitis macularius","#13E212","#00F40D"
"Chroicocephalus philadelphia","#11E613","#00F40E"
"Hydroprogne caspia","#11E613","#00F40E"
"Thalasseus maximus","#11E513","#00F40E"
"Thalasseus elegans","#11E513","#00F40E"
"Larus argentatus","#14E111","#00F40D"
"Larus occidentalis","#15E112","#00F40D"
"Larus hyperboreus","#15E111","#00F40D"
"Larus heermanni","#15E112","#00F40D"
"Larus canus","#15E111","#00F40D"
"Larus glaucoides","#15E111","#00F40D"
"Larus delawarensis","#14E112","#00F40D"
"Larus californicus","#14E211","#00F40D"
"Larus glaucescens","#14E211","#00F40D"
"Sterna forsteri","#11E613","#00F40E"
"Rhodostethia rosea","#11E613","#00F40E"
"Charadrius nivosus","#10F314","#00F40E"
"Charadrius vociferus","#10F314","#00F40E"
"Charadrius semipalmatus","#10F314","#00F40E"
"Pluvialis squatarola","#0EF315","#00F40E"
"Cepphus columba","#0CF214","#00F40E"
"Uria aalge","#0CF214","#00F40E"
"Brachyramphus marmoratus","#0CF214","#00F40E"
"Haematopus bachmani","#0CF314","#00F40E"
"Recurvirostra americana","#0CF313","#00F40E"
"Stercorarius parasiticus","#0CF313","#00F40E"
"Gavia pacifica","#1BE423","#01F40F"
"Gavia immer","#1BE423","#01F40F"
"Gavia stellata","#1BE423","#01F40F"
"Podiceps nigricollis","#19EA1C","#00F40F"
"Podiceps auritus","#1AEA1D","#00F40F"
"Podiceps grisegena","#19EA1C","#00F40F"
"Aechmophorus clarkii","#19EC1E","#00F40F"
"Aechmophorus occidentalis","#19EC1E","#00F40F"
"Podilymbus podiceps","#18EF20","#00F40F"
"Ardenna grisea","#1DEB24","#01F410"
"Pelecanus occidentalis","#19EF21","#00F40F"
"Pelecanus erythrorhynchos","#19EF21","#00F40F"
"Egretta thula","#18EF1D","#00F40F"
"Ardea alba","#17F21F","#00F40F"
"Ardea herodias","#17F21F","#00F40F"
"Nycticorax nycticorax","#18EF1D","#00F40F"
"Butorides virescens","#18EF1D","#00F40F"
"Botaurus lentiginosus","#18EF1D","#00F40F"
"Falco peregrinus","#1EE721","#01F40F"
"Falco sparverius","#1EE822","#01F40F"
"Falco columbarius","#1EE822","#01F40F"
"Phalaenoptilus nuttallii","#1BE623","#01F40F"
"Calypte anna","#1DE51F","#01F40F"
"Selasphorus sasin","#1DE51E","#01F40F"
"Selasphorus rufus","#1DE51E","#01F40F"
"Aeronautes saxatalis","#1BE822","#01F40F"
"Chaetura vauxi","#1BE822","#01F40F"
"Cygnus olor","#0EEC18","#00F40E"
"Anas platyrhynchos","#11E915","#00F40E"
"Anas acuta","#10E915","#00F40E"
"Anas crecca","#10E915","#00F40E"
"Anas cyanoptera","#10E915","#00F40E"
"Anas discors","#10E915","#00F40E"
"Anas clypeata","#10E915","#00F40E"
"Anas americana","#10E915","#00F40E"
"Bucephala clangula","#0EEE17","#00F40E"
"Bucephala albeola","#0EEE17","#00F40E"
"Bucephala islandica","#0EEE17","#00F40E"
"Mergus serrator","#0DEE19","#00F40E"
"Mergus merganser","#0DEE18","#00F40E"
"Anser albifrons","#0EEB17","#00F40E"
"Melanitta americana","#0DED18","#00F40E"
"Melanitta perspicillata","#0DED18","#00F40E"
"Aythya collaris","#0FED16","#00F40E"
"Aythya marila","#0FED16","#00F40E"
"Aythya affinis","#0FED16","#00F40E"
"Aythya americana","#0FEC16","#00F40E"
"Chen rossii","#0DED18","#00F40E"
"Chen caerulescens","#0CED18","#00F40E"
"Oxyura jamaicensis","#0DEC17","#00F40E"
"Branta hutchinsii","#0FEE16","#00F40E"
"Branta bernicla","#0EEF17","#00F40E"
"Branta canadensis","#0FEE17","#00F40E"
"Aix sponsa","#0DEB18","#00F40E"
"Lophodytes cucullatus","#0EEC17","#00F40E"
"Pandion haliaetus","#16F220","#00F40F"
"Accipiter striatus","#16F11C","#00F40F"
"Accipiter cooperii","#16F11C","#00F40F"
"Circus cyaneus","#17F11C","#00F40F"
"Buteo regalis","#16F01B","#00F40F"
"Buteo swainsoni","#16F01B","#00F40F"
"Buteo lagopus","#16F01B","#00F40F"
"Buteo lineatus","#15F01B","#00F40F"
"Buteo jamaicensis","#15F01B","#00F40F"
"Buteo platypterus","#16F01B","#00F40F"
"Elanus leucurus","#17F11C","#00F40F"
"Haliaeetus leucocephalus","#17F11C","#00F40F"
"Cathartes aura","#16F220","#00F40F"
"Sula nebouxii","#1BE821","#01F40F"
"Sula leucogaster","#1BE821","#01F40F"
"Morus bassanus","#1AEA21","#01F40F"
"Phalacrocorax auritus","#1CE71F","#01F40F"
"Phalacrocorax penicillatus","#1CE71F","#01F40F"
"Phalacrocorax pelagicus","#1CE61F","#01F40F"
"Petrochelidon pyrrhonota","#04FC07","#00F408"
"Hirundo rustica","#04FC07","#00F408"
"Tachycineta thalassina","#06FB08","#00F408"
"Tachycineta bicolor","#06FB08","#00F408"
"Stelgidopteryx serripennis","#04FC06","#00F408"
"Euphagus cyanocephalus","#05FA08","#00F408"
"Molothrus ater","#06FA08","#00F408"
"Icterus cucullatus","#06FA08","#00F408"
"Sturnella neglecta","#06F908","#00F408"
"Agelaius tricolor","#07F809","#00F408"
"Agelaius phoeniceus","#07F809","#00F408"
"Baeolophus inornatus","#01FD04","#00F407"
"Poecile rufescens","#01FD03","#00F407"
"Passer domesticus","#01FF02","#00F407"
"Sitta pygmaea","#02FC04","#00F407"
"Sitta canadensis","#03FD04","#00F407"
"Sturnus vulgaris","#00FE02","#00F407"
"Salpinctes obsoletus","#03FA06","#00F408"
"Troglodytes pacificus","#04F907","#00F408"
"Troglodytes aedon","#04F908","#00F408"
"Thryomanes bewickii","#03FA06","#00F408"
"Cistothorus palustris","#03FA06","#00F408"
"Turdus migratorius","#05F906","#00F408"
"Catharus ustulatus","#06F907","#00F408"
"Catharus guttatus","#06F907","#00F408"
"Sialia mexicana","#05F906","#00F408"
"Ixoreus naevius","#05FA06","#00F408"
"Myiarchus cinerascens","#07F809","#00F408"
"Contopus sordidulus","#08F70A","#00F408"
"Contopus cooperi","#08F70A","#00F408"
"Empidonax difficilis","#07F809","#00F408"
"Tyrannus melancholicus","#07F809","#00F408"
"Sayornis saya","#08F70A","#00F408"
"Sayornis nigricans","#08F70A","#00F408"
"Vireo huttoni","#02FD05","#00F407"
"Vireo gilvus","#02FD05","#00F407"
"Regulus calendula","#02FD04","#00F407"
"Regulus satrapa","#02FD04","#00F407"
"Chamaea fasciata","#00FF03","#00F407"
"Junco hyemalis","#09F50C","#00F40B"
"Ammodramus savannarum","#09F50C","#00F40B"
"Chondestes grammacus","#0AF50C","#00F40B"
"Spizelloides arborea","#0AF60B","#00F40B"
"Melospiza lincolnii","#0BF40E","#00F40B"
"Melospiza georgiana","#0CF40E","#00F40B"
"Melospiza melodia","#0CF40E","#00F40B"
"Spizella pallida","#09F50C","#00F40B"
"Passerella iliaca","#09F60C","#00F40B"
"Zonotrichia leucophrys","#0BF40D","#00F40B"
"Zonotrichia atricapilla","#0BF40E","#00F40B"
"Pipilo maculatus","#0AF50C","#00F40B"
"Melozone crissalis","#0AF60C","#00F40B"
"Passerculus sandwichensis","#0AF60C","#00F40B"
"Mimus polyglottos","#01FE04","#00F407"
"Toxostoma redivivum","#01FE04","#00F407"
"Passerina amoena","#05FC06","#00F408"
"Pheucticus melanocephalus","#05FB05","#00F408"
"Spiza americana","#05FC05","#00F408"
"Piranga rubra","#04FB07","#00F408"
"Piranga ludoviciana","#04FB07","#00F408"
"Motacilla alba","#02FE03","#00F407"
"Anthus rubescens","#02FE03","#00F407"
"Cardellina pusilla","#09F70B","#00F409"
"Setophaga citrina","#0AF40D","#00F40B"
"Setophaga petechia","#0AF50D","#00F40B"
"Setophaga palmarum","#0AF50D","#00F40B"
"Setophaga coronata","#0BF50D","#00F40B"
"Setophaga nigrescens","#0BF40D","#00F40B"
"Setophaga townsendi","#0BF40D","#00F40B"
"Mniotilta varia","#08F70B","#00F409"
"Oreothlypis celata","#08F70B","#00F409"
"Geothlypis tolmiei","#09F60B","#00F40A"
"Geothlypis trichas","#09F60B","#00F40A"
"Polioptila caerulea","#00FE03","#00F407"
"Psaltriparus minimus","#01FE03","#00F407"
"Bombycilla cedrorum","#01FE03","#00F407"
"Certhia americana","#01FF03","#00F407"
"Aphelocoma californica","#03FC05","#00F407"
"Corvus corax","#03FB05","#00F407"
"Corvus brachyrhynchos","#03FB05","#00F407"
"Cyanocitta stelleri","#03FC05","#00F407"
"Loxia curvirostra","#05FA08","#00F408"
"Spinus pinus","#08F80A","#00F408"
"Spinus psaltria","#08F80A","#00F408"
"Spinus tristis","#07F70A","#00F408"
"Haemorhous mexicanus","#06F909","#00F408"
"Haemorhous purpureus","#07F909","#00F408"
"Cervus elaphus","#4DC52F","#03F01A"
"Odocoileus hemionus","#4DC52F","#03F01A"
"Physeter macrocephalus","#4BC42E","#03EF1A"
"Phocoena phocoena","#4CC42E","#03EF1A"
"Eschrichtius robustus","#4CC42E","#03EF1A"
"Tursiops truncatus","#4CC32D","#03EF1A"
"Delphinus capensis","#4CC32D","#03EF1A"
"Megaptera novaeangliae","#4CC42E","#03EF1A"
"Procyon lotor","#4AC32D","#03EF18"
"Phoca vitulina","#4AC22C","#03EF18"
"Mirounga angustirostris","#4AC22B","#03EF18"
"Zalophus californianus","#4BC32D","#03EF18"
"Lontra canadensis","#49C12C","#03EF18"
"Taxidea taxus","#49C22C","#03EF18"
"Mephitis mephitis","#4BC32D","#03EF18"
"Lynx rufus","#4BC32C","#03EF18"
"Puma concolor","#4BC22C","#03EF18"
"Canis latrans","#4BC12B","#03EF18"
"Vulpes vulpes","#4BC12B","#03EF18"
"Urocyon cinereoargenteus","#4BC12B","#03EF18"
"Sylvilagus bachmani","#4EC52F","#03F01A"
"Lepus californicus","#4EC52F","#03F01A"
"Thomomys bottae","#4DC32D","#03EF19"
"Rattus norvegicus","#4CC32D","#03EF19"
"Otospermophilus beecheyi","#49C12B","#03EF18"
"Sciurus carolinensis","#4AC02A","#03EF17"
"Sciurus niger","#4AC02A","#03EF17"
"Sciurus griseus","#4AC02B","#03EF17"
"Tamias sonomae","#49C12B","#03EF18"
"Tamias merriami","#4AC12B","#03EF18"
"Microtus californicus","#4DC22C","#03EF18"
"Peromyscus maniculatus","#4DC22C","#03EF18"
"Neotoma fuscipes","#4DC22D","#03EF18"
"Sorex trowbridgii","#4CC42E","#03F01A"
"Scapanus latimanus","#4DC42E","#03F01A"
"Neurotrichus gibbsii","#4DC42E","#03F01A"
"Morone saxatilis","#56BF28","#06EF13"
"Anarrhichthys ocellatus","#56BE28","#06EF13"
"Xiphister atropurpureus","#56BE27","#06EF12"
"Pholis ornata","#56BF27","#06EF12"
"Apodichthys fucorum","#55BF27","#05EF12"
"Apodichthys flavidus","#55BF27","#05EF12"
"Amphistichus rhodoterus","#56BE27","#06EF12"
"Micrometrus minimus","#56BE27","#06EF12"
"Phanerodon furcatus","#56BF27","#06EF12"
"Syngnathus leptorhynchus","#58BC25","#06EF11"
"Cottus asper","#57BE25","#06EF11"
"Leptocottus armatus","#57BD25","#06EF11"
"Oligocottus maculosus","#57BD25","#06EF11"
"Enophrys bison","#57BD25","#06EF11"
"Sebastes rastrelliger","#58BD26","#06EF11"
"Oncorhynchus mykiss","#57BC26","#06EF11"
"Oncorhynchus kisutch","#57BC26","#06EF11"
"Oncorhynchus tshawytscha","#57BC26","#06EF11"
"Platichthys stellatus","#58BD26","#06EF11"
"Gasterosteus aculeatus","#59BD26","#06EF11"
"Engraulis mordax","#58BB26","#06EF11"
"Gobiesox maeandricus","#58BA26","#06EF11"
"Atherinops affinis","#59BD28","#07EF13"
"Atherinopsis californiensis","#59BD28","#07EF13"
"Corella inflata","#60B625","#08ED11"
"Botryllus schlosseri","#5DB51A","#08EC0F"
"Botrylloides violaceous","#5BB419","#07EC0F"
"Botrylloides diegensis","#5BB41A","#07EC0F"
"Botrylloides violaceus","#5BB41A","#07EC0F"
"Styela clava","#5DB51A","#08EC0F"
"Distaplia occidentalis","#5DB61B","#08EC0F"
"Ciona intestinalis","#5AB519","#07EC0F"
"Ciona savignyi","#5AB519","#07EC0F"
"Clavelina huntsmani","#5CB51B","#08EC0F"
"Didemnum vexillum","#5BB61A","#07EC0F"
"Diplosoma listerianum","#5BB61A","#07EC0F"
"Aplidium californicum","#5AB519","#07EC0F"
"Aplidium stellatum","#5AB519","#07EC0F"
"Thetys vagina","#66B125","#0BEC10"
"Olivella strigata","#37ACCC","#02E892"
"Amphissa columbiana","#37A8CD","#02E892"
"Amphissa versicolor","#37A8CD","#02E892"
"Alia carinata","#37AACC","#02E892"
"Hima mendica","#37ABCC","#02E892"
"Nassarius fossatus","#37ABCC","#02E892"
"Ceratostoma foliatum","#39A1CD","#02E892"
"Ocinebrina lurida","#38A1CD","#02E892"
"Acanthinucella spirata","#38A1CD","#02E892"
"Acanthinucella punctulata","#38A1CD","#02E892"
"Urosalpinx circumtexta","#38A1CE","#02E892"
"Urosalpinx subangulata","#38A1CD","#02E892"
"Nucella emarginata","#38A0CE","#02E892"
"Nucella lamellosa","#38A0CE","#02E892"
"Nucella ostrina","#38A0CE","#02E892"
"Mitra idae","#37ACCC","#02E892"
"Lirabuccinum dirum","#39ACCC","#02E892"
"Doto amyra","#31A2D2","#02E892"
"Doto kya","#31A2D2","#02E892"
"Cadlina modesta","#2EA3D2","#02E892"
"Cadlina luteomarginata","#2EA3D2","#02E892"
"Cadlina sparsa","#2EA3D2","#02E892"
"Triopha maculata","#2EABD1","#02E892"
"Triopha catalinae","#2EABD2","#02E892"
"Polycera hedgpethi","#2EA8CF","#02E892"
"Crimora coneja","#2FA8CF","#02E892"
"Ancula gibbosa","#30A5D0","#02E892"
"Okenia rosacea","#30A5D0","#02E892"
"Flabellina trilineata","#31AAD1","#02E892"
"Flabellina cooperi","#31AAD1","#02E892"
"Hermissenda crassicornis","#2DA3D0","#02E892"
"Hermissenda opalescens","#2DA3D0","#02E892"
"Phidiana hiltoni","#2FA2D3","#02E892"
"Sakuraeolis enosimensis","#2FA3D3","#02E892"
"Janolus barbarensis","#31A2CF","#02E892"
"Aeolidia papillosa","#2EAAD3","#02E892"
"Aeolidia loui","#2DABD3","#02E892"
"Anteaeolidiella oliviae","#2DABD2","#02E892"
"Anteaeolidiella chromosoma","#2DABD3","#02E892"
"Acanthodoris lutea","#2CA7D4","#02E892"
"Acanthodoris nanaimoensis","#2CA7D4","#02E892"
"Acanthodoris rhodoceras","#2CA7D4","#02E892"
"Acanthodoris hudsoni","#2CA7D4","#02E892"
"Onchidoris muricata","#2DA7D3","#02E892"
"Diaphorodoris lirulatocauda","#2DA8D3","#02E892"
"Rostanga pulchra","#31A6CF","#02E892"
"Dirona picta","#30A6CE","#02E892"
"Geitodoris heathi","#30A5D0","#02E892"
"Diaulula sandiegensis","#30A5D0","#02E892"
"Peltodoris nobilis","#30A6D0","#02E892"
"Dendronotus venustus","#2FA9D1","#02E892"
"Dendronotus subramosus","#2FAAD1","#02E892"
"Dendronotus albus","#2FA9D1","#02E892"
"Limacia cockerelli","#32A9D0","#02E892"
"Doriopsilla fulva","#2FA5CE","#02E892"
"Doriopsilla albopunctata","#2FA5CE","#02E892"
"Aegires albopunctatus","#31A9CF","#02E892"
"Tritonia festiva","#31A3CF","#02E892"
"Doris montereyensis","#32A5D1","#02E892"
"Hancockia californica","#30A1CF","#02E892"
"Babakina festiva","#32A2D2","#02E892"
"Eubranchus rustyus","#2CA6D4","#02E892"
"Eubranchus olivaceus","#2CA6D4","#02E892"
"Tenellia flavovulta","#2BA9D5","#02E892"
"Tenellia fulgens","#2BA9D5","#02E892"
"Tenellia albocrusta","#2BA9D5","#02E892"
"Leostyletus misakiensis","#2DA7D4","#02E892"
"Abronica abronia","#2CA7D4","#02E892"
"Haplotrema minimum","#40A8CC","#03E891"
"Deroceras reticulatum","#40ADCA","#03E891"
"Cornu aspersum","#3EADC8","#03E891"
"Prophysaon andersoni","#3AAAC7","#02E891"
"Ariolimax californicus","#3AA2C8","#02E891"
"Ariolimax","#3AA2C9","#02E891"
"Arion intermedius","#3AAAC7","#02E891"
"Helminthoglypta arrosa","#3FA6C9","#03E891"
"Limacus flavus","#41A5CC","#03E891"
"Monadenia infumata","#3EACC7","#03E891"
"Xerotricha conspurcata","#3DA9C6","#02E891"
"Milax gagates","#3EA9C7","#02E891"
"Oxychilus draparnaudi","#3EA0C8","#03E891"
"Aplysia californica","#47A4C6","#03E891"
"Acmaea mitra","#47A0C7","#03E891"
"Lottia scutum","#3DA4CB","#02E891"
"Lottia limatula","#3DA4CB","#02E891"
"Lottia persona","#3DA4CB","#02E891"
"Lottia paradigitalis","#3DA4CB","#02E891"
"Lottia scabra","#3DA4CB","#02E891"
"Lottia gigantea","#3EA4CB","#02E891"
"Lottia digitalis","#3DA4CB","#02E891"
"Elysia hedgpethi","#47A2C6","#03E891"
"Calliostoma ligatum","#44ACC7","#03E891"
"Calliostoma gloriosum","#44ADC7","#03E891"
"Fissurellidea bimaculata","#45ACC9","#03E891"
"Diodora aspera","#45ABC9","#03E891"
"Tegula funebralis","#46ADCA","#03E891"
"Tegula brunnea","#45ADCA","#03E891"
"Haliotis rufescens","#45AEC8","#03E891"
"Haliotis walallensis","#45ADC8","#03E891"
"Homalopoma luridum","#45ADC8","#03E891"
"Pomaulax gibberosus","#45ADC8","#03E891"
"Epitonium tinctum","#429FCA","#03E891"
"Opalia wroblewskyi","#429FCA","#03E891"
"Hespererato vitellina","#449FC9","#03E891"
"Lacuna marmorata","#42A0C8","#03E891"
"Littorina keenae","#429FC9","#03E891"
"Littorina scutulata","#42A0C9","#03E891"
"Neverita reclusiana","#409FCA","#03E891"
"Neverita lewisii","#409FCA","#03E891"
"Marsenina stearnsii","#45A0CA","#03E891"
"Neostylidium eschrichtii","#509CCE","#04E792"
"Berthella californica","#47A6C6","#03E891"
"Berthella strongi","#47A7C6","#03E891"
"Navanax inermis","#48ACC7","#03E891"
"Lepidozona mertensii","#4F9EC1","#03E884"
"Lepidozona cooperi","#4F9EC1","#03E884"
"Stenoplax heathiana","#4F9EC1","#03E884"
"Mopalia muscosa","#4F9CC2","#03E784"
"Mopalia ciliata","#4E9DC2","#03E784"
"Mopalia spectabilis","#4E9DC2","#03E784"
"Mopalia vespertina","#4E9DC2","#03E784"
"Mopalia lignosa","#4E9DC2","#03E784"
"Mopalia hindsii","#4E9DC2","#03E784"
"Cryptochiton stelleri","#4F9DC2","#03E784"
"Tonicella lineata","#4F9EC1","#03E884"
"Tonicella lokii","#4F9EC1","#03E884"
"Cyanoplax dentiens","#4F9EC1","#04E884"
"Nuttallina californica","#509EC1","#04E884"
"Octopus rubescens","#619DC6","#09E78B"
"Doryteuthis opalescens","#619EC5","#09E78B"
"Ostrea lurida","#609CC4","#08E68B"
"Pododesmus macrochisma","#5F9CC3","#08E68A"
"Crassadoma gigantea","#609BC5","#08E68B"
"Semele rubropicta","#5F9BC5","#08E68B"
"Tellina bodegensis","#5E9AC4","#08E68B"
"Tellina nuculoides","#5D9AC4","#08E68B"
"Macoma secta","#5E9AC4","#08E68B"
"Tresus nuttallii","#5F9BC6","#08E68B"
"Leukoma staminea","#5F9BC5","#08E68B"
"Clinocardium nuttallii","#5E9AC5","#08E68B"
"Tagelus californianus","#5E9BC3","#08E68A"
"Siliqua patula","#5E9AC4","#08E68B"
"Modiolus rectus","#5D9AC4","#08E68B"
"Arcuatula senhousia","#5D9AC4","#08E68B"
"Mytilus trossulus","#5D99C3","#08E68B"
"Mytilus californianus","#5D9AC3","#08E68B"
"Penitella penita","#5F9BC5","#08E68B"
"Zirfaea pilsbryi","#609BC5","#08E68B"
"Hiatella arctica","#609CC5","#08E68B"
"Hyptiotes gertschi","#5BB2E2","#07ECCA"
"Badumna longinqua","#5BB2E1","#07ECCA"
"Latrodectus hesperus","#5BB2E1","#07ECCA"
"Castianeira thalia","#5CB3E1","#08ECCA"
"Argiope aurantia","#59B2E3","#07ECCA"
"Argiope trifasciata","#59B1E3","#07ECCA"
"Araneus trifolium","#59B1E3","#07ECCA"
"Araneus gemmoides","#59B1E3","#07ECCA"
"Diaea livens","#5CB3E1","#08ECCA"
"Misumena vatia","#5CB3E1","#08ECCA"
"Pelegrina aeneola","#5AB2E2","#07ECCA"
"Phidippus johnsoni","#5AB2E2","#07ECCA"
"Evarcha proszynskii","#5AB2E2","#07ECCA"
"Salticus scenicus","#5AB2E2","#07ECCA"
"Antrodiaetus riversi","#5CB3E2","#08ECCA"
"Dysdera crocata","#5CB3E2","#08ECCA"
"Oxyopes salticus","#5CB3E2","#08ECCA"
"Protolophus tuberculatus","#5FB4E0","#08ECC7"
"Uroctonus mordax","#5FB4E0","#08ECC7"
"Ixodes pacificus","#5EB4E1","#08ECC8"
"Dermacentor variabilis","#5EB3E1","#08ECC8"
"Neomolgus littoralis","#5FB4E0","#08ECC7"
"Pseudohemihyalea edwardsii","#28D8F5","#02F2D8"
"Grammia ornata","#28D8F6","#02F2D8"
"Orgyia vetusta","#27D7F6","#02F2D8"
"Pyrrharctia isabella","#28D8F5","#02F2D8"
"Spilosoma vagans","#28D6F5","#02F2D7"
"Spilosoma virginica","#28D7F5","#02F2D7"
"Ctenucha brunnea","#28D7F5","#02F2D7"
"Ctenucha rubroscapus","#29D7F5","#02F2D7"
"Lophocampa maculata","#28D7F5","#02F2D7"
"Lophocampa argentata","#28D7F5","#02F2D7"
"Arachnis picta","#27D7F6","#02F2D8"
"Platyprepia virginalis","#27D7F6","#02F2D8"
"Callizzia amorata","#1FE0FF","#02F2DA"
"Cydia pomonella","#1FE1FE","#02F2DA"
"Smerinthus cerisyi","#20DFFD","#02F2DA"
"Hyles lineata","#20DFFD","#02F2DA"
"Proserpinus clarkiae","#20DFFD","#02F2DA"
"Papilio rutulus","#21DEFC","#02F2D9"
"Papilio zelicaon","#21DEFC","#02F2D9"
"Papilio eurymedon","#21DEFB","#02F2D9"
"Battus philenor","#20DFFD","#02F2D9"
"Emmelina monodactyla","#1FE0FE","#02F2DA"
"Pyrgus communis","#25DBF9","#02F2D8"
"Pyrgus ruralis","#25DBF9","#02F2D8"
"Hylephila phyleus","#24DCF9","#02F2D8"
"Poanes melane","#24DCFA","#02F2D8"
"Ochlodes sylvanoides","#23DBFA","#02F2D8"
"Hesperia colorado","#24DAF7","#02F2D8"
"Hesperia lindseyi","#25DAF7","#02F2D8"
"Hesperia columbia","#24DAF7","#02F2D8"
"Polites sabuleti","#23DBFA","#02F2D8"
"Phryganidia californica","#1FE0FE","#02F2DA"
"Hyalophora euryalus","#20DFFE","#02F2DA"
"Hemileuca eglanterina","#20DFFE","#02F2DA"
"Speyeria callippe","#29D5F4","#02F2D6"
"Junonia coenia","#29D6F3","#02F2D6"
"Vanessa cardui","#2BD4F2","#02F2D5"
"Vanessa virginiensis","#2BD4F2","#02F2D5"
"Vanessa atalanta","#2BD4F2","#02F2D5"
"Vanessa annabella","#2BD4F2","#02F2D5"
"Adelpha californica","#29D6F4","#02F2D6"
"Danaus plexippus","#29D6F3","#02F2D6"
"Agraulis vanillae","#29D5F4","#02F2D6"
"Nymphalis californica","#2AD5F3","#02F2D5"
"Nymphalis antiopa","#2AD5F3","#02F2D5"
"Polygonia satyrus","#29D6F4","#02F2D6"
"Limenitis lorquini","#2AD6F4","#02F2D6"
"Euphydryas chalcedona","#2AD4F3","#02F2D5"
"Euphydryas editha","#2AD5F3","#02F2D5"
"Coenonympha tullia","#2AD6F4","#02F2D6"
"Phyciodes mylitta","#2BD5F3","#02F2D5"
"Phyciodes pulchella","#2AD5F3","#02F2D5"
"Cercyonis pegala","#2AD5F4","#02F2D6"
"Strymon melinus","#24DBF9","#02F2D8"
"Icaricia acmon","#26DAF7","#02F2D8"
"Icaricia icarioides","#26DAF7","#02F2D8"
"Celastrina echo","#24DBF9","#02F2D8"
"Lycaena arota","#24DBF9","#02F2D8"
"Glaucopsyche lygdamus","#24DBF9","#02F2D8"
"Callophrys mossii","#27D8F6","#02F2D8"
"Callophrys viridis","#27D8F7","#02F2D8"
"Callophrys dumetorum","#27D8F6","#02F2D8"
"Callophrys augustinus","#27D8F6","#02F2D8"
"Anthocharis sara","#21DDFC","#02F2D9"
"Pieris rapae","#22DDFB","#02F2D9"
"Pieris marginalis","#22DDFB","#02F2D9"
"Euchloe ausonides","#21DDFC","#02F2D9"
"Colias eurytheme","#21DEFC","#02F2D9"
"Egira rubrica","#26D9F7","#02F2D8"
"Egira simplex","#26D9F7","#02F2D8"
"Heliothis phloxiphaga","#25D9F8","#02F2D8"
"Megalographa biloba","#25D9F8","#02F2D8"
"Heliothodes diminutiva","#26D9F9","#02F2D8"
"Parabagrotis formalis","#26D9F8","#02F2D8"
"Hemieuxoa rudens","#25D9F8","#02F2D8"
"Acronicta spinea","#26D9F8","#02F2D8"
"Lacinipolia patalis","#25DAF8","#02F2D8"
"Noctua pronuba","#26DAF8","#02F2D8"
"Plataea californiaria","#23DCFA","#02F2D9"
"Pero mizon","#23DDFA","#02F2D9"
"Neoalcis californiaria","#23DDFA","#02F2D9"
"Triphosa haesitata","#22DCFA","#02F2D9"
"Sabulodes aegrotata","#23DCFB","#02F2D9"
"Hydriomena nubilofasciata","#23DCFB","#02F2D9"
"Xanthorhoe defensaria","#22DCFA","#02F2D9"
"Pima occidentalis","#1FE0FF","#02F2DA"
"Adela septentrionella","#1FE0FE","#02F2DA"
"Synanthedon bibionipennis","#1EE0FE","#02F2DA"
"Uresiphita reversalis","#21DEFC","#02F2D9"
"Diastictis fracturalis","#22DEFC","#02F2D9"
"Dicymolomia metalliferalis","#22DEFC","#02F2D9"
"Pyrausta volupialis","#22DDFB","#02F2D9"
"Pyrausta insequalis","#22DDFB","#02F2D9"
"Gnorimoschema baccharisella","#1FE0FE","#02F2DA"
"Hofmannophila pseudospretella","#20DFFD","#02F2DA"
"Batia lunaris","#20DFFD","#02F2DA"
"Timema poppensis","#49C5F2","#03F1D1"
"Apis mellifera","#43C9EE","#03F2D1"
"Bombus melanopygus","#42C8EE","#03F2D1"
"Bombus vosnesenskii","#42C8EE","#03F2D1"
"Formica fusca","#43C8EF","#03F2D1"
"Tapinoma sessile","#43C8EF","#03F2D1"
"Hypoponera opacior","#43C8EF","#03F2D1"
"Sceliphron caementarium","#42C9EE","#03F2D1"
"Sphex pensylvanicus","#44C9EE","#03F2D1"
"Sphex ichneumoneus","#44C9ED","#03F2D1"
"Bembix americana","#44C9EE","#03F2D1"
"Dolichovespula maculata","#44C9EF","#03F2D1"
"Vespula pensylvanica","#43C9EF","#03F2D1"
"Andricus quercuscalifornicus","#43C8EF","#03F2D1"
"Disholcaspis plumbella","#43C8EF","#03F2D1"
"Pontania californica","#43C8EE","#03F2D1"
"Psoa quadrisignata","#36D0E9","#02F2D1"
"Ocypus olens","#36D0E8","#02F2D1"
"Anastrangalia laetifica","#36D0E6","#02F2D1"
"Strophiona laeta","#35D0E6","#02F2D1"
"Trichocnemis spiculatus","#35D0E6","#02F2D1"
"Prionus californicus","#35D1E6","#02F2D1"
"Mulsantina picta","#33D2E5","#02F2D1"
"Harmonia axyridis","#33D3E5","#02F2D1"
"Hippodamia sinuata","#33D4E7","#02F2D1"
"Hippodamia quinquesignata","#32D4E7","#02F2D1"
"Hippodamia convergens","#33D4E7","#02F2D1"
"Coccinella californica","#32D3E7","#02F2D1"
"Coccinella trifasciata","#32D3E7","#02F2D1"
"Coccinella septempunctata","#32D3E7","#02F2D1"
"Adalia bipunctata","#33D3E5","#02F2D1"
"Psyllobora vigintimaculata","#33D3E5","#02F2D1"
"Cycloneda polita","#33D3E5","#02F2D1"
"Rhinocyllus conicus","#36D0E7","#02F2D1"
"Calathus ruficollis","#35D1E4","#02F2D1"
"Harpalus affinis","#34D1E3","#02F2D1"
"Harpalus caliginosus","#35D1E3","#02F2D1"
"Laemostenus complanatus","#35D1E4","#02F2D1"
"Scaphinotus interruptus","#35D1E4","#02F2D1"
"Promecognathus laevissimus","#35D1E3","#02F2D1"
"Trachymela sloanei","#34D2E5","#02F2D1"
"Trirhabda flavolimbata","#34D2E4","#02F2D1"
"Diabrotica undecimpunctata","#34D2E4","#02F2D1"
"Chrysolina hyperici","#34D2E4","#02F2D1"
"Chrysolina bankii","#33D2E4","#02F2D1"
"Chrysomela schaefferi","#34D2E5","#02F2D1"
"Gastrophysa cyanea","#34D2E4","#02F2D1"
"Eulabis bicarinata","#36D0E8","#02F2D1"
"Nicrophorus nigrita","#37D0E9","#02F2D1"
"Buprestis aurulenta","#36CFE8","#02F2D1"
"Enoclerus eximius","#36CFE8","#02F2D1"
"Chimarocephala pacifica","#46C7F0","#03F2D1"
"Camnula pellucida","#46C7F0","#03F2D1"
"Trimerotropis fontana","#46C7F0","#03F2D1"
"Trimerotropis occidentalis","#46C7F0","#03F2D1"
"Trimerotropis pallidipennis","#46C7F0","#03F2D1"
"Tessellana tessellata","#47C7F0","#03F2D1"
"Stenopelmatus fuscus","#46C7F0","#03F2D1"
"Pristoceuthophilus pacificus","#47C7EF","#03F2D1"
"Leptoglossus zonatus","#48C6F1","#03F2D1"
"Tamalia coweni","#47C6F1","#03F2D1"
"Largus californicus","#48C6F1","#03F2D1"
"Boisea rubrolineata","#48C6F1","#03F2D1"
"Closterocoris amoenus","#48C6F1","#03F2D1"
"Libellula saturata","#3CCDEA","#02F2D1"
"Sympetrum illotum","#3BCDEA","#02F2D1"
"Sympetrum corruptum","#3BCDEA","#02F2D1"
"Pantala flavescens","#3CCDEB","#02F2D1"
"Erythemis collocata","#3CCCEB","#02F2D1"
"Pachydiplax longipennis","#3CCCEA","#02F2D1"
"Plathemis lydia","#3CCCEB","#02F2D1"
"Paltothemis lineatipes","#3CCCEB","#02F2D1"
"Argia vivida","#3CCEEA","#02F2D1"
"Enallagma carunculatum","#3ACEEA","#02F2D1"
"Enallagma civile","#3BCEEA","#02F2D1"
"Ischnura denticollis","#3BCDEC","#02F2D1"
"Ischnura gemina","#3BCEEC","#02F2D1"
"Ischnura perparva","#3BCDEC","#02F2D1"
"Ischnura cervula","#3BCDEC","#02F2D1"
"Zoniagrion exclamationis","#3CCEEA","#02F2D1"
"Lestes stultus","#41CAED","#03F2D1"
"Anax junius","#3ECCED","#03F2D1"
"Rhionaeschna californica","#3ECCEC","#03F2D1"
"Rhionaeschna multicolor","#3ECCEC","#03F2D1"
"Cordulegaster dorsalis","#41CAED","#03F2D1"
"Forficula auricularia","#49C5F1","#03F1D1"
"Chaetopsis massyla","#40CAED","#03F2D1"
"Clusia occidentalis","#40CAED","#03F2D1"
"Coelopa vanduzeei","#41CAED","#03F2D1"
"Copestylum mexicanum","#3FCCE9","#03F2D1"
"Ferdinandea croesus","#3FCBE9","#03F2D1"
"Eristalis tenax","#3FCBE9","#03F2D1"
"Toxomerus occidentalis","#3FCBE9","#03F2D1"
"Myathropa florea","#3FCBE9","#03F2D1"
"Holorusia hespera","#41CBEC","#03F2D1"
"Hemipenthes sinuosa","#3FCAEB","#03F2D1"
"Bombylius albicapillus","#40CBEB","#03F2D1"
"Bombylius major","#40CBEB","#03F2D1"
"Culex pipiens","#3ACFE8","#02F2D1"
"Culex erythrothorax","#3ACEE8","#02F2D1"
"Culex tarsalis","#39CEE8","#02F2D1"
"Anopheles franciscanus","#39CFE6","#02F2D1"
"Anopheles occidentalis","#39CFE6","#02F2D1"
"Culiseta incidens","#39CFE6","#02F2D1"
"Culiseta particeps","#39CFE6","#02F2D1"
"Aedes washinoi","#3ACEE8","#02F2D1"
"Sarcophaga aurifrons","#41CAED","#03F2D1"
"Rhopalomyia californica","#41CAEC","#03F2D1"
"Mantis religiosa","#49C5F2","#03F1D1"
"Chrysopa oculata","#49C5F2","#03F1D1"
"Reticulitermes hesperus","#48C6F1","#03F1D1"
"Luridiblatta trivittata","#48C6F1","#03F2D1"
"Pleuroncodes planipes","#52BBDB","#05EFC4"
"Emerita analoga","#53BCDB","#05EFC4"
"Pachygrapsus crassipes","#51BBDB","#05EFC4"
"Panulirus interruptus","#53BCDB","#05EFC4"
"Procambarus clarkii","#52BBDC","#05EFC4"
"Petrolisthes manimaculis","#52BADC","#05EFC5"
"Pachycheles rudis","#52BADC","#05EFC5"
"Metacarcinus magister","#53BADD","#05EFC5"
"Romaleon antennarium","#53BADD","#05EFC5"
"Cancer productus","#53BADD","#05EFC5"
"Pagurus granosimanus","#53B9DD","#05EEC5"
"Pagurus caurinus","#54B9DD","#05EEC5"
"Pagurus samuelis","#54B9DD","#05EEC5"
"Pagurus hirsutiusculus","#54B9DD","#05EEC5"
"Hemigrapsus nudus","#52BADD","#05EFC5"
"Hemigrapsus oregonensis","#52BADD","#05EFC5"
"Portunus xantusii","#52BBDC","#05EFC4"
"Pugettia producta","#53BCDC","#05EFC4"
"Lophopanopeus bellus","#51BBDC","#05EFC4"
"Heptacarpus sitchensis","#51BBDB","#05EFC4"
"Pacifastacus leniusculus","#52BCDB","#05EFC4"
"Caprella mutica","#58C0DE","#06EFC5"
"Megalorchestia californiana","#58C1DE","#06EFC5"
"Americorophium spinicorne","#58C0DE","#06EFC5"
"Porcellio scaber","#54BFDA","#05EFC3"
"Littorophiloscia richardsonae","#54BFDA","#05EFC3"
"Armadillidium vulgare","#55C0DA","#05EFC3"
"Idotea stenops","#54BFDA","#05EFC3"
"Ligidium latum","#54BEDB","#05EFC4"
"Ligia occidentalis","#54BEDB","#05EFC4"
"Brackenridgia heroldi","#55C0DA","#05EFC3"
"Xystocheir dissecta","#65B9DE","#0AEDC6"
"Harpaphe haydeniana","#66B9DE","#0AEDC6"
"Gosodesmus claremontus","#65B8DF","#0AEDC6"
"Brachycybe producta","#65B8DF","#0AEDC6"
"Paeromopus angusticeps","#64B8DE","#0AEDC6"
"Pycnogonum stearnsi","#609FDF","#08E8C7"
"Scolopocryptops spinicaudus","#65B4DF","#0AECC6"
"Radimella aurita","#64B6DF","#0AECC6"
"Spinileberis hyalina","#64B6DF","#0AECC6"
"Dosima fascicularis","#62AFDF","#09EAC7"
"Pollicipes polymerus","#62AFDF","#09EAC7"
"Tetraclita rubescens","#63AFE0","#09EAC8"
"Semibalanus cariosus","#62AFE0","#09EAC8"
"Paraconcavus pacificus","#63AEE1","#09EAC8"
"Balanus glandula","#63AEE0","#09EAC8"
"Coronula diadema","#62AFE0","#09EAC8"
"Schizobranchia insignis","#668330","#0DDA61"
"Myxicola infundibulum","#668430","#0DDA61"
"Eudistylia vancouveri","#678430","#0DDA61"
"Serpula columbiana","#679331","#0FDC64"
"Phragmatopoma californica","#689332","#0FDC64"
"Dodecaceria fewkesi","#689534","#0FDD66"
"Thelepus crispus","#689434","#0FDC66"
"Amaeana occidentalis","#689434","#0FDC66"
"Oxydromus pugettensis","#678B30","#0DDB61"
"Glycinde picta","#678830","#0DDB61"
"Harmothoe imbricata","#678B30","#0EDB62"
"Arctonoe vittata","#678B31","#0EDB62"
"Halosydna brevisetosa","#678B31","#0EDB62"
"Typosyllis nipponica","#678A30","#0DDB61"
"Lumbricus terrestris","#6B99C0","#1EE379"
"Corynactis californica","#689CC0","#14E77B"
"Balanophyllia elegans","#689CC0","#14E77B"
"Halcampa decemtentaculata","#6699B8","#0BE36F"
"Urticina coriacea","#6397B7","#0AE26E"
"Urticina crassicornis","#6398B7","#0AE26E"
"Urticina lofotensis","#6398B7","#0AE26E"
"Urticina grebelnyi","#6398B7","#0AE26E"
"Anthopleura sola","#6498B7","#0AE26E"
"Anthopleura artemisia","#6498B6","#0AE26E"
"Anthopleura xanthogrammica","#6398B6","#0AE26E"
"Anthopleura elegantissima","#6498B6","#0AE26E"
"Epiactis prolifera","#6498B7","#0AE26E"
"Metridium senile","#6699B8","#0BE36F"
"Stylatula elongata","#689CC1","#14E77C"
"Chrysaora fuscescens","#69AEC3","#1AE98A"
"Polyorchis penicillatus","#68AEC3","#18EA8A"
"Velella velella","#69AEC3","#18EA8A"
"Aglaophenia latirostris","#69AEC3","#19E98A"
"Dendraster excentricus","#6B933E","#1CDB68"
"Strongylocentrotus purpuratus","#6A6733","#1CDA66"
"Strongylocentrotus franciscanus","#6B6734","#1CDA66"
"Leptasterias hexactis","#6A5939","#1BDA67"
"Pycnopodia helianthoides","#6A5A39","#1BDA67"
"Pisaster giganteus","#6A5938","#1BDA67"
"Pisaster brevispinus","#6A5938","#1BDA67"
"Pisaster ochraceus","#6A5938","#1BDA67"
"Dermasterias imbricata","#6A5933","#1BDA65"
"Patiria miniata","#6A5933","#1BDA65"
"Lissothuria nutriens","#6B933E","#1DDC69"
"Eupentacta quinquesemita","#6B933E","#1DDC69"
"Ophiothrix spiculata","#69412F","#1BD860"
"Amphipholis squamata","#69412F","#1AD85F"
"Amphiodia occidentalis","#69412F","#1AD85F"
"Ophioplocus esmarki","#69412F","#1BD860"
"Phascolosoma agassizii","#6D97A3","#2CE06D"
"Themiste pyroides","#6D963E","#2CDD69"
"Leucilla nuttingi","#6C5033","#2AD965"
"Pleurobrachia bachei","#6D99B9","#2EE36F"
"Notocomplana acticola","#6C9552","#29DD6B"
"Pseudoceros canadensis","#6C9452","#29DC6B"
"Pseudoceros luteus","#6C9452","#29DC6B"
"Stylochus californicus","#6C9652","#29DD6B"
"Watersipora subtorquata","#6C97B8","#25DE6E"
"Integripelta bilabiata","#6C96B7","#25DE6E"
"Bugula californica","#6B96A3","#25DD6D"
"Bugula pacifica","#6B96A3","#25DD6D"
"Bugula neritina","#6C96A3","#25DD6D"
"Asterella californica","#9596B8","#C7DD6E"
"Syntrichia ruralis","#9595B8","#C8DC6F"
"Hedwigia detonsa","#9695B9","#C8DC6F"
"Alsia californica","#9695B8","#C8DD6F"
"Dendroalsia abietina","#9695B8","#C8DD6F"
"Atrichum selwynii","#9694B9","#C8DC6F"
"Polytrichum juniperinum","#9594B9","#C8DC6F"
"Grimmia trichophylla","#9695B8","#C8DC6F"
"Orthotrichum papillosum","#9695B9","#C8DC6F"
"Kindbergia praelonga","#9594B9","#C8DC6F"
"Azolla filiculoides","#982BBC","#D5CE73"
"Athyrium filix-femina","#982BBD","#D5CE73"
"Polystichum munitum","#982BBC","#D5CE73"
"Polystichum imbricans","#982BBC","#D5CE73"
"Dryopteris arguta","#982BBC","#D5CE73"
"Woodwardia fimbriata","#982BBC","#D5CE73"
"Adiantum aleuticum","#9A2CBB","#D6CE73"
"Adiantum jordanii","#9A2CBA","#D6CE73"
"Pteris cretica","#992CBB","#D6CE73"
"Pentagramma triangularis","#992CBB","#D6CE73"
"Pellaea andromedifolia","#992DBB","#D6CE73"
"Pellaea mucronata","#9A2DBB","#D6CE73"
"Aspidotis densa","#992CBB","#D6CE73"
"Polypodium calirhiza","#992BBB","#D6CE73"
"Polypodium glycyrrhiza","#992BBC","#D6CE73"
"Polypodium californicum","#992CBC","#D6CE73"
"Polypodium scouleri","#982CBC","#D6CE73"
"Pteridium aquilinum","#982ABD","#D5CE73"
"Sequoia sempervirens","#9740BA","#CDD770"
"Cupressus macrocarpa","#9741BA","#CDD770"
"Cupressus sargentii","#9740BA","#CDD770"
"Calocedrus decurrens","#9740BA","#CDD770"
"Torreya californica","#9640BA","#CDD771"
"Pinus radiata","#9740BA","#CDD770"
"Pinus muricata","#9740BA","#CDD770"
"Pseudotsuga menziesii","#9740B9","#CDD770"
"Equisetum hyemale","#9597A2","#C2E26D"
"Equisetum arvense","#9497A3","#C2E26D"
"Equisetum telmateia","#9597A3","#C2E26D"
"Securigera varia","#C7588B","#FCD96D"
"Paraserianthes lophantha","#C6588B","#FCD96D"
"Lupinus nanus","#C25391","#FCD96D"
"Lupinus bicolor","#C25391","#FCD96D"
"Lupinus albifrons","#C25491","#FCD96D"
"Lupinus succulentus","#C25390","#FCD96D"
"Lupinus microcarpus","#C25390","#FCD96D"
"Lupinus arboreus","#C25390","#FCD96D"
"Lupinus chamissonis","#C25490","#FCD96D"
"Lupinus variicolor","#C25491","#FCD96D"
"Lupinus littoralis","#C25491","#FCD96D"
"Genista monspessulana","#C7578C","#FCD96D"
"Spartium junceum","#C6578C","#FCD96D"
"Lotus corniculatus","#C7578C","#FCD96D"
"Acacia dealbata","#C4558E","#FCD96D"
"Acacia melanoxylon","#C4558E","#FCD96D"
"Acacia verticillata","#C4558E","#FCD96D"
"Acacia longifolia","#C4558E","#FCD96D"
"Cytisus scoparius","#C5578D","#FCD96D"
"Cytisus striatus","#C5578D","#FCD96D"
"Astragalus gambelianus","#C5568D","#FCD96D"
"Astragalus nuttallii","#C5568D","#FCD96D"
"Lathyrus vestitus","#C4568D","#FCD96D"
"Lathyrus littoralis","#C4568D","#FCD96D"
"Lathyrus latifolius","#C4568D","#FCD96D"
"Hosackia gracilis","#C6588B","#FCD96D"
"Ulex europaeus","#C6578B","#FCD96D"
"Trifolium pratense","#C15193","#FCD96D"
"Trifolium dubium","#C15193","#FCD96D"
"Trifolium fucatum","#C15193","#FCD96D"
"Trifolium repens","#C15193","#FCD96D"
"Trifolium campestre","#C15193","#FCD96D"
"Trifolium hirtum","#BF5193","#FCD96D"
"Trifolium variegatum","#C15193","#FCD96D"
"Trifolium willdenovii","#C15293","#FCD96D"
"Trifolium depauperatum","#BF5293","#FCD96D"
"Trifolium gracilentum","#C15193","#FCD96D"
"Trifolium microcephalum","#C15292","#FCD96D"
"Trifolium macraei","#C15192","#FCD96D"
"Trifolium glomeratum","#C15292","#FCD96D"
"Trifolium tomentosum","#C15293","#FCD96D"
"Trifolium dichotomum","#C15292","#FCD96D"
"Trifolium angustifolium","#C15293","#FCD96D"
"Trifolium wormskioldii","#C15192","#FCD96D"
"Vicia americana","#C3548F","#FCD96D"
"Vicia gigantea","#C3548F","#FCD96D"
"Vicia sativa","#C3548F","#FCD96D"
"Vicia benghalensis","#C3548F","#FCD96D"
"Vicia villosa","#C3548F","#FCD96D"
"Medicago polymorpha","#C5588C","#FCD96D"
"Robinia pseudoacacia","#C6588C","#FCD96D"
"Melilotus indicus","#C5568E","#FCD96D"
"Melilotus officinalis","#C5568E","#FCD96D"
"Melilotus albus","#C5568E","#FCD96D"
"Pickeringia montana","#C6588C","#FCD96D"
"Amorpha californica","#C6588C","#FCD96D"
"Hoita macrostachya","#C7578D","#FCD96D"
"Thermopsis californica","#C7588C","#FCD96D"
"Acmispon glaber","#C35590","#FCD96D"
"Acmispon brachycarpus","#C25490","#FCD96D"
"Acmispon parviflorus","#C25490","#FCD96D"
"Acmispon americanus","#C3558F","#FCD96D"
"Acmispon wrangelianus","#C3558F","#FCD96D"
"Polygala californica","#C7598B","#FDD96D"
"Adenostoma fasciculatum","#F47F70","#FFDA6D"
"Prunus ilicifolia","#F47F6F","#FFDA6D"
"Rubus spectabilis","#EF7579","#FEDA6D"
"Rubus parviflorus","#EF757A","#FEDA6D"
"Rubus ursinus","#EF757A","#FEDA6D"
"Rubus armeniacus","#EF757A","#FEDA6D"
"Amelanchier utahensis","#F3806F","#FFDA6D"
"Fragaria vesca","#F27B73","#FFDA6D"
"Fragaria chiloensis","#F27B73","#FFDA6D"
"Crataegus monogyna","#F3806F","#FFDA6D"
"Potentilla indica","#EF7876","#FFDA6D"
"Potentilla anserina","#EF7876","#FFDA6D"
"Potentilla hickmanii","#EF7876","#FFDA6D"
"Cotoneaster pannosus","#EF7777","#FFDA6D"
"Cotoneaster franchetii","#F07777","#FFDA6D"
"Cotoneaster lacteus","#EF7777","#FFDA6D"
"Heteromeles arbutifolia","#F38070","#FFDA6D"
"Holodiscus discolor","#F38070","#FFDA6D"
"Oemleria cerasiformis","#F37F6F","#FFDA6D"
"Rosa californica","#F07877","#FFDA6D"
"Rosa gymnocarpa","#F07877","#FFDA6D"
"Rosa rubiginosa","#F07877","#FFDA6D"
"Pyracantha angustifolia","#F3806E","#FFDA6D"
"Aphanes occidentalis","#F3806E","#FFDA6D"
"Horkelia californica","#F2806F","#FFDA6D"
"Physocarpus capitatus","#F2816F","#FFDA6D"
"Acaena pinnatifida","#F3816E","#FFDA6D"
"Drymocallis glandulosa","#F2806F","#FFDA6D"
"Ceanothus cuneatus","#FB8C5B","#FFDB6C"
"Ceanothus thyrsiflorus","#FB8C5B","#FFDB6C"
"Ceanothus jepsonii","#FB8C5B","#FFDB6C"
"Ceanothus papillosus","#FB8C5A","#FFDB6C"
"Frangula californica","#FC8C5B","#FFDB6D"
"Rhamnus crocea","#FC8C5B","#FFDB6D"
"Rhamnus alaternus","#FC8C5B","#FFDB6D"
"Urtica chamaedryoides","#FC8B5C","#FFDB6D"
"Urtica dioica","#FC8B5C","#FFDB6D"
"Urtica urens","#FC8B5C","#FFDB6D"
"Parietaria judaica","#FC8C5C","#FFDB6D"
"Arctostaphylos glandulosa","#EB8263","#FEDA6D"
"Arctostaphylos glauca","#EB8363","#FEDA6D"
"Arctostaphylos imbricata","#EB8363","#FEDA6D"
"Arctostaphylos canescens","#EB8362","#FEDA6D"
"Arctostaphylos montana","#EB8262","#FEDA6D"
"Arctostaphylos montaraensis","#EB8262","#FEDA6D"
"Arctostaphylos sensitiva","#EB8262","#FEDA6D"
"Arctostaphylos","#EB8262","#FEDA6D"
"Vaccinium ovatum","#E57F61","#FEDA6D"
"Gaultheria shallon","#E57F61","#FEDA6D"
"Rhododendron occidentale","#E67F61","#FEDA6D"
"Arbutus menziesii","#E67F61","#FEDA6D"
"Erica canaliculata","#E67C61","#FEDA6D"
"Erica lusitanica","#E67C61","#FEDA6D"
"Primula hendersonii","#DF815F","#FEDA6D"
"Gilia achilleifolia","#E27A67","#FEDA6D"
"Gilia clivorum","#E17967","#FEDA6D"
"Gilia capitata","#E27967","#FEDA6D"
"Navarretia squarrosa","#E17A62","#FEDA6D"
"Navarretia heterodoxa","#E17A62","#FEDA6D"
"Leptosiphon parviflorus","#E27967","#FEDA6D"
"Leptosiphon androsaceus","#E27967","#FEDA6D"
"Leptosiphon acicularis","#E27967","#FEDA6D"
"Lysimachia latifolia","#DF7B60","#FEDA6D"
"Anagallis arvensis","#DF7B60","#FEDA6D"
"Cornus sericea","#E78360","#FEDA6D"
"Carpenteria californica","#E68167","#FEDA6D"
"Whipplea modesta","#E68167","#FEDA6D"
"Asclepias fascicularis","#DD7B53","#FEDA6C"
"Vinca major","#DD7B53","#FEDA6C"
"Sherardia arvensis","#DA7071","#FEDA6D"
"Galium aparine","#D96D75","#FEDA6D"
"Galium californicum","#D96D75","#FEDA6D"
"Galium porrigens","#D96D74","#FEDA6D"
"Galium triflorum","#D96D75","#FEDA6D"
"Cicendia quadrangularis","#DF7A83","#FEDA6D"
"Zeltnera muehlenbergii","#DF7A84","#FEDA6D"
"Eriogonum nudum","#ED6E80","#FEDA6D"
"Eriogonum fasciculatum","#EC6E80","#FEDA6D"
"Eriogonum latifolium","#ED6E80","#FEDA6D"
"Eriogonum luteolum","#EC6E80","#FEDA6D"
"Polygonum paronychia","#EE6F7F","#FEDA6D"
"Polygonum aviculare","#EE6F7F","#FEDA6D"
"Rumex acetosella","#EC6C81","#FEDA6D"
"Rumex crispus","#EC6C80","#FEDA6D"
"Rumex pulcher","#EC6C80","#FEDA6D"
"Rumex salicifolius","#EC6C81","#FEDA6D"
"Rumex occidentalis","#EC6C81","#FEDA6D"
"Chorizanthe membranacea","#ED6E80","#FEDA6D"
"Chorizanthe cuspidata","#ED6E7F","#FEDA6D"
"Chorizanthe valida","#ED6E7F","#FEDA6D"
"Persicaria punctata","#EE707F","#FEDA6D"
"Fallopia japonica","#EE707F","#FEDA6D"
"Muehlenbeckia complexa","#EE6F7F","#FEDA6D"
"Stellaria media","#F08565","#FFDA6D"
"Stellaria nitens","#F08564","#FFDA6D"
"Cerastium arvense","#F18564","#FFDA6D"
"Cerastium glomeratum","#F18564","#FFDA6D"
"Silene gallica","#F18664","#FFDA6D"
"Silene scouleri","#F18664","#FFDA6D"
"Minuartia douglasii","#F28860","#FFDB6D"
"Sagina apetala","#F28860","#FFDB6D"
"Spergularia rubra","#F18564","#FFDA6D"
"Spergularia macrotheca","#F08564","#FFDA6D"
"Polycarpon tetraphyllum","#F18860","#FFDB6D"
"Petrorhagia dubia","#F18860","#FFDB6D"
"Cardionema ramosissimum","#F1885F","#FFDB6D"
"Phytolacca americana","#FF9358","#FFDB6C"
"Carpobrotus edulis","#FD8D5C","#FFDB6D"
"Carpobrotus chilensis","#FD8D5C","#FFDB6D"
"Drosanthemum floribundum","#FE8F5B","#FFDB6D"
"Conicosia pugioniformis","#FE8F5B","#FFDB6D"
"Tetragonia tetragonoides","#FD8F5B","#FFDB6D"
"Abronia latifolia","#FE9259","#FFDB6C"
"Abronia umbellata","#FE9259","#FFDB6C"
"Chenopodium californicum","#FE915A","#FFDB6C"
"Dysphania multifida","#FE9059","#FFDB6C"
"Salicornia pacifica","#FE915A","#FFDB6C"
"Atriplex prostrata","#FE9159","#FFDB6C"
"Frankenia salina","#FF9358","#FFDB6C"
"Armeria maritima","#FF9358","#FFDB6C"
"Limonium californicum","#FF9258","#FFDB6C"
"Calandrinia menziesii","#FD8D5C","#FFDB6D"
"Calandrinia ciliata","#FD8D5D","#FFDB6D"
"Claytonia perfoliata","#FD8D5D","#FFDB6D"
"Claytonia sibirica","#FD8D5D","#FFDB6D"
"Claytonia exigua","#FC8D5D","#FFDB6D"
"Euonymus occidentalis","#E78653","#FEDA6C"
"Taraxacum officinale","#B442A0","#FAD86D"
"Micropus californicus","#B441A0","#FAD86D"
"Centaurea solstitialis","#BB4C98","#FAD86D"
"Centaurea calcitrapa","#BC4C98","#FAD86D"
"Centaurea melitensis","#BB4C98","#FAD86D"
"Wyethia angustifolia","#B94B9A","#FAD86D"
"Wyethia glabra","#B94B9B","#FAD86D"
"Cirsium occidentale","#BC4E96","#FAD86D"
"Cirsium vulgare","#BD4D96","#FAD86D"
"Cirsium andrewsii","#BC4E96","#FAD86D"
"Cirsium quercetorum","#BC4E96","#FAD86D"
"Solidago velutina","#B342A1","#FAD86D"
"Uropappus lindleyi","#B443A2","#FAD86D"
"Layia platyglossa","#B542A2","#FAD86D"
"Erigeron glaucus","#BD4F95","#FAD86D"
"Erigeron foliosus","#BD4F95","#FAD86D"
"Erigeron bonariensis","#BD4F95","#FAD86D"
"Erigeron canadensis","#BD4F95","#FAD86D"
"Erigeron petrophilus","#BD4F96","#FAD86D"
"Lasthenia californica","#B045A1","#FAD86D"
"Hypochaeris glabra","#B84A98","#FAD86D"
"Hypochaeris radicata","#B84A98","#FAD86D"
"Baccharis pilularis","#B74B99","#FAD86D"
"Baccharis glutinosa","#B74B99","#FAD86D"
"Silybum marianum","#B345A2","#FAD86D"
"Achillea millefolium","#B344A2","#FAD86D"
"Agoseris grandiflora","#BA4C98","#FAD86D"
"Agoseris heterophylla","#BB4B98","#FAD86D"
"Agoseris apargioides","#BB4B98","#FAD86D"
"Anaphalis margaritacea","#B146A1","#FAD86D"
"Anthemis cotula","#B246A2","#FAD86D"
"Matricaria discoidea","#B246A2","#FAD86D"
"Artemisia douglasiana","#BB4C97","#FAD86D"
"Artemisia californica","#BB4C97","#FAD86D"
"Artemisia pycnocephala","#BB4C97","#FAD86D"
"Carduus pycnocephalus","#B74B9B","#FAD86D"
"Carduus tenuiflorus","#B74B9B","#FAD86D"
"Cotula coronopifolia","#B144A1","#FAD86D"
"Ambrosia chamissonis","#B143A0","#FAD86D"
"Pseudognaphalium californicum","#BE4E95","#FAD86D"
"Pseudognaphalium luteoalbum","#BE4E95","#FAD86D"
"Pseudognaphalium ramosissimum","#BD4F94","#FAD86D"
"Pseudognaphalium stramineum","#BD4E95","#FAD86D"
"Pseudognaphalium biolettii","#BE4E95","#FAD86D"
"Helenium puberulum","#B0459F","#FAD86D"
"Lactuca saligna","#B64A9A","#FAD86D"
"Lactuca virosa","#B64A9A","#FAD86D"
"Madia gracilis","#BA4D97","#FAD86D"
"Madia sativa","#BA4D97","#FAD86D"
"Madia elegans","#BA4D97","#FAD86D"
"Psilocarphus tenellus","#B7499A","#FAD86D"
"Psilocarphus brevissimus","#B94899","#FAD86D"
"Rafinesquia californica","#B0469E","#FAD86D"
"Senecio aronicoides","#BE5094","#FAD86D"
"Senecio sylvaticus","#BF5094","#FAD86D"
"Senecio vulgaris","#BF5094","#FAD86D"
"Senecio minimus","#BE5094","#FAD86D"
"Senecio glomeratus","#BE4F94","#FAD86D"
"Senecio elegans","#BE4F94","#FAD86D"
"Delairea odorata","#B1479D","#FAD86D"
"Sonchus asper","#B74A99","#FAD86D"
"Sonchus oleraceus","#B8489A","#FAD86D"
"Eriophyllum confertiflorum","#BC4D96","#FAD86D"
"Eriophyllum staechadifolium","#BC4D96","#FAD86D"
"Eriophyllum lanatum","#BC4D97","#FAD86D"
"Eriophyllum","#BC4D97","#FAD86D"
"Microseris douglasii","#B0479E","#FAD86D"
"Crepis vesicaria","#B1479E","#FAD86D"
"Tragopogon porrifolius","#B84A9C","#FAD86D"
"Tragopogon dubius","#B84A9C","#FAD86D"
"Tanacetum bipinnatum","#B247A0","#FAD86D"
"Grindelia hirsutula","#B7499B","#FAD86D"
"Grindelia stricta","#B8489B","#FAD86D"
"Bellis perennis","#B047A0","#FAD86D"
"Petasites frigidus","#B1449F","#FAD86D"
"Hieracium albiflorum","#B643A1","#FAD86D"
"Arctotheca calendula","#B8499A","#FAD86D"
"Arctotheca prostrata","#B84999","#FAD86D"
"Leucanthemum vulgare","#B445A2","#FAD86D"
"Symphyotrichum chilense","#B347A1","#FAD86D"
"Achyrachaena mollis","#B346A0","#FAD86D"
"Adenocaulon bicolor","#B447A0","#FAD86D"
"Calycadenia multiglandulosa","#B2479E","#FAD86D"
"Logfia gallica","#B9499C","#FAD86D"
"Logfia filaginoides","#B9499C","#FAD86D"
"Hemizonia congesta","#B2439E","#FAD86D"
"Hesperevax sparsiflora","#B644A1","#FAD86D"
"Lessingia germanorum","#BA489B","#FAD86D"
"Lessingia micradenia","#BA489B","#FAD86D"
"Rigiopappus leptocladus","#B5449F","#FAD86D"
"Blennosperma nanum","#B6449F","#FAD86D"
"Xanthium spinosum","#B643A0","#FAD86D"
"Ericameria ericoides","#B94999","#FAD86D"
"Ericameria arborescens","#B94999","#FAD86D"
"Filago pyramidata","#B5439C","#FAD86D"
"Gutierrezia californica","#B5429D","#FAD86D"
"Heterotheca sessiliflora","#B4469E","#FAD86D"
"Dittrichia graveolens","#B5439D","#FAD86D"
"Euthamia occidentalis","#B5469E","#FAD86D"
"Calendula arvensis","#B5459D","#FAD86D"
"Urospermum picroides","#B6429F","#FAD86D"
"Glebionis coronaria","#B6419F","#FAD86D"
"Leontodon saxatilis","#B3429D","#FAD86D"
"Soliva sessilis","#B4429E","#FAD86D"
"Gamochaeta ustulata","#B4429F","#FAD86D"
"Hedypnois rhagadioloides","#BA489A","#FAD86D"
"Hedypnois cretica","#BA489A","#FAD86D"
"Jaumea carnosa","#B2439D","#FAD86D"
"Helminthotheca echioides","#B1459D","#FAD86D"
"Ageratina adenophora","#B3449C","#FAD86D"
"Carthamus lanatus","#B2459C","#FAD86D"
"Helichrysum petiolare","#B2459C","#FAD86D"
"Erodium cicutarium","#DC776A","#FEDA6D"
"Erodium botrys","#DC776A","#FEDA6D"
"Erodium moschatum","#DC776A","#FEDA6D"
"Geranium dissectum","#DC766A","#FEDA6D"
"Geranium molle","#DC766A","#FEDA6D"
"Geranium robertianum","#DC766A","#FEDA6D"
"Toxicodendron diversilobum","#E27A69","#FEDA6D"
"Rhus integrifolia","#E27A69","#FEDA6D"
"Ailanthus altissima","#E3796D","#FEDA6D"
"Acer negundo","#E0726E","#FEDA6D"
"Acer macrophyllum","#E0726E","#FEDA6D"
"Acer platanoides","#E0726E","#FEDA6D"
"Aesculus californica","#E17875","#FEDA6D"
"Clarkia purpurea","#E47370","#FEDA6D"
"Clarkia concinna","#E57371","#FEDA6D"
"Clarkia rubicunda","#E47370","#FEDA6D"
"Clarkia amoena","#E47370","#FEDA6D"
"Clarkia gracilis","#E47371","#FEDA6D"
"Oenothera elata","#E37172","#FEDA6D"
"Ludwigia peploides","#E47271","#FEDA6D"
"Ludwigia hexapetala","#E47271","#FEDA6D"
"Epilobium brachycarpum","#E57074","#FEDA6D"
"Epilobium ciliatum","#E57074","#FEDA6D"
"Epilobium canum","#E57073","#FEDA6D"
"Epilobium minutum","#E57073","#FEDA6D"
"Fuchsia magellanica","#E37272","#FEDA6D"
"Camissonia strigulosa","#E37172","#FEDA6D"
"Taraxia ovata","#E37172","#FEDA6D"
"Camissoniopsis cheiranthifolia","#E47271","#FEDA6D"
"Camissoniopsis micrantha","#E47271","#FEDA6D"
"Tetrapteron graciliflorum","#E37173","#FEDA6D"
"Eucalyptus globulus","#D5835A","#FEDA6C"
"Leptospermum laevigatum","#D5835A","#FEDA6C"
"Lythrum hyssopifolia","#D48359","#FEDA6C"
"Quercus agrifolia","#CF647D","#FEDA6D"
"Quercus lobata","#CF637D","#FEDA6D"
"Quercus kelloggii","#CF647D","#FEDA6D"
"Quercus wislizeni","#CF647D","#FEDA6D"
"Quercus chrysolepis","#CF647D","#FEDA6D"
"Quercus durata","#CF647C","#FEDA6D"
"Quercus parvula","#CF637D","#FEDA6D"
"Chrysolepis chrysophylla","#D06B72","#FEDA6D"
"Notholithocarpus densiflorus","#D06B72","#FEDA6D"
"Morella californica","#D87769","#FEDA6D"
"Alnus rubra","#D77969","#FEDA6D"
"Corylus cornuta","#D77969","#FEDA6D"
"Scrophularia californica","#DC6282","#FEDA6D"
"Myoporum laetum","#DD6282","#FEDA6D"
"Orobanche fasciculata","#CA5D88","#FDDA6D"
"Orobanche californica","#CA5D88","#FDDA6D"
"Castilleja attenuata","#C85B8B","#FDDA6D"
"Castilleja exserta","#C85B8B","#FDDA6D"
"Castilleja affinis","#C85B8B","#FDDA6D"
"Castilleja subinclusa","#C85B8B","#FDDA6D"
"Castilleja densiflora","#C85B8B","#FDDA6D"
"Castilleja foliolosa","#C85B8B","#FDDA6D"
"Castilleja rubicundula","#C85B8B","#FDDA6D"
"Castilleja ambigua","#C75B8A","#FDDA6D"
"Castilleja wightii","#C85B8A","#FDDA6D"
"Castilleja","#C85B8B","#FDDA6D"
"Pedicularis densiflora","#CA5D86","#FDDA6D"
"Triphysaria eriantha","#C95C88","#FDDA6D"
"Triphysaria pusilla","#CA5C87","#FDDA6D"
"Bellardia trixago","#CA5C88","#FDDA6D"
"Bellardia viscosa","#CA5C88","#FDDA6D"
"Cordylanthus pilosus","#CA5C88","#FDDA6D"
"Cordylanthus rigidus","#CA5C88","#FDDA6D"
"Fraxinus latifolia","#DD6289","#FEDA6D"
"Olea europaea","#DD6288","#FEDA6D"
"Stachys chamissonis","#C95B89","#FDDA6D"
"Stachys ajugoides","#C95B89","#FDDA6D"
"Stachys rigida","#C95B89","#FDDA6D"
"Stachys bullata","#C95C89","#FDDA6D"
"Stachys mexicana","#C95B89","#FDDA6D"
"Stachys","#C95B89","#FDDA6D"
"Monardella villosa","#CB5D87","#FDDA6D"
"Monardella purpurea","#CB5D86","#FDDA6D"
"Prunella vulgaris","#CC5E86","#FDDA6D"
"Clinopodium douglasii","#CC5E86","#FDDA6D"
"Scutellaria californica","#CC5E85","#FDDA6D"
"Mentha pulegium","#CC5D85","#FDDA6D"
"Marrubium vulgare","#CC5E85","#FDDA6D"
"Lamium amplexicaule","#CB5D86","#FDDA6D"
"Lamium purpureum","#CB5D86","#FDDA6D"
"Lepechinia calycina","#CB5E85","#FDDA6D"
"Pogogyne serpylloides","#CB5E85","#FDDA6D"
"Melissa officinalis","#CC5E85","#FDDA6D"
"Rosmarinus officinalis","#CB5F85","#FDDA6D"
"Verbena lasiostachys","#DB6186","#FEDA6D"
"Verbena bonariensis","#DB6186","#FEDA6D"
"Phyla nodiflora","#DB6184","#FEDA6D"
"Acanthus mollis","#DD6284","#FEDA6D"
"Collinsia sparsiflora","#D06083","#FEDA6D"
"Antirrhinum majus","#D06083","#FEDA6D"
"Plantago erecta","#CC5F84","#FEDA6D"
"Plantago lanceolata","#CC5F84","#FEDA6D"
"Plantago coronopus","#CD5F84","#FEDA6D"
"Plantago major","#CD5F83","#FEDA6D"
"Plantago subnuda","#CD5F84","#FEDA6D"
"Plantago maritima","#CD5F84","#FEDA6D"
"Veronica speciosa","#CE6082","#FEDA6D"
"Veronica americana","#CE6082","#FEDA6D"
"Veronica catenata","#CE6082","#FEDA6D"
"Digitalis purpurea","#D06083","#FEDA6D"
"Cymbalaria muralis","#D06083","#FEDA6D"
"Nuttallanthus texanus","#D16083","#FEDA6D"
"Erythranthe moschata","#DA6187","#FEDA6D"
"Mimulus guttatus","#D96187","#FEDA6D"
"Mimulus aurantiacus","#DA6187","#FEDA6D"
"Mimulus cardinalis","#D96187","#FEDA6D"
"Mimulus douglasii","#D96187","#FEDA6D"
"Eschscholzia californica","#DA736B","#FEDA6D"
"Dicentra formosa","#DA736B","#FEDA6D"
"Platystemon californicus","#DA746B","#FEDA6D"
"Fumaria capreolata","#DB6E73","#FEDA6D"
"Fumaria parviflora","#DB6E73","#FEDA6D"
"Dendromecon rigida","#DA736B","#FEDA6D"
"Ranunculus repens","#DE697A","#FEDA6D"
"Ranunculus californicus","#DE697A","#FEDA6D"
"Ranunculus muricatus","#DE6A7A","#FEDA6D"
"Aquilegia formosa","#DD6B78","#FEDA6D"
"Delphinium variegatum","#E0667E","#FEDA6D"
"Delphinium nudicaule","#E0667E","#FEDA6D"
"Delphinium californicum","#DF667E","#FEDA6D"
"Delphinium patens","#E0667E","#FEDA6D"
"Delphinium decorum","#E0667E","#FEDA6D"
"Actaea rubra","#DD6B78","#FEDA6D"
"Clematis lasiantha","#DE6A77","#FEDA6D"
"Anemone grayi","#DE6A78","#FEDA6D"
"Thalictrum fendleri","#DE6A78","#FEDA6D"
"Berberis pinnata","#D56D72","#FEDA6D"
"Vancouveria planipetala","#D66D72","#FEDA6D"
"Solanum umbelliferum","#D86978","#FEDA6D"
"Solanum americanum","#D86978","#FEDA6D"
"Solanum douglasii","#D86979","#FEDA6D"
"Solanum aviculare","#D86978","#FEDA6D"
"Solanum furcatum","#D86979","#FEDA6D"
"Solanum marginatum","#D86879","#FEDA6D"
"Solanum","#D86879","#FEDA6D"
"Cestrum parqui","#D66F6E","#FEDA6D"
"Convolvulus arvensis","#D66F70","#FEDA6D"
"Calystegia subacaulis","#D76B74","#FEDA6D"
"Calystegia collina","#D76B74","#FEDA6D"
"Calystegia soldanella","#D76C74","#FEDA6D"
"Calystegia purpurata","#D76B74","#FEDA6D"
"Cuscuta salina","#D67469","#FEDA6D"
"Cuscuta pacifica","#D67469","#FEDA6D"
"Dichondra donelliana","#D6746A","#FEDA6D"
"Dichondra donnelliana","#D6746A","#FEDA6D"
"Symphoricarpos albus","#D5677B","#FEDA6D"
"Symphoricarpos mollis","#D5677B","#FEDA6D"
"Lonicera hispidula","#D5677B","#FEDA6D"
"Lonicera involucrata","#D4687B","#FEDA6D"
"Dipsacus sativus","#D5677B","#FEDA6D"
"Dipsacus fullonum","#D5677B","#FEDA6D"
"Plectritis macrocera","#D46A76","#FEDA6D"
"Centranthus ruber","#D36A76","#FEDA6D"
"Scabiosa atropurpurea","#D36A76","#FEDA6D"
"Sambucus nigra","#D9716D","#FEDA6D"
"Sambucus racemosa","#D8716E","#FEDA6D"
"Angelica hendersonii","#F5895E","#FFDB6D"
"Anthriscus sylvestris","#F6875F","#FFDB6D"
"Anthriscus caucalis","#F6875F","#FFDB6D"
"Conium maculatum","#F48A5E","#FFDB6D"
"Foeniculum vulgare","#F5895E","#FFDB6D"
"Heracleum maximum","#F5895D","#FFDB6D"
"Osmorhiza berteroi","#F58A5E","#FFDB6D"
"Sanicula crassicaulis","#FB8768","#FFDA6D"
"Sanicula arctopoides","#FB8768","#FFDA6D"
"Sanicula bipinnatifida","#FA8668","#FFDA6D"
"Sanicula laciniata","#FB8668","#FFDA6D"
"Sanicula tuberosa","#FB8668","#FFDA6D"
"Torilis nodosa","#F5875F","#FFDB6D"
"Torilis arvensis","#F5875F","#FFDB6D"
"Tauschia kelloggii","#F5895E","#FFDB6D"
"Lomatium californicum","#F7846B","#FFDA6D"
"Lomatium dasycarpum","#F7846C","#FFDA6D"
"Lomatium macrocarpum","#F6846C","#FFDA6D"
"Lomatium utriculatum","#F6846C","#FFDA6D"
"Daucus pusillus","#F6875F","#FFDB6D"
"Daucus carota","#F6875F","#FFDB6D"
"Perideridia kelloggii","#F48A5E","#FFDB6D"
"Scandix pecten-veneris","#F4895E","#FFDB6D"
"Ligusticum apiifolium","#F5895D","#FFDB6D"
"Cicuta douglasii","#F4895D","#FFDB6D"
"Oenanthe sarmentosa","#F48A5D","#FFDB6D"
"Pittosporum crassifolium","#ED885A","#FEDB6C"
"Pittosporum tenuifolium","#ED885A","#FEDB6C"
"Aralia californica","#ED8A59","#FEDB6C"
"Hedera helix","#ED8A59","#FEDB6C"
"Sidalcea malviflora","#DF756C","#FEDA6D"
"Sidalcea diploscypha","#DE756C","#FEDA6D"
"Malva parviflora","#DB746D","#FEDA6D"
"Malva arborea","#DB746D","#FEDA6D"
"Malva pseudolavatera","#DB756D","#FEDA6D"
"Dirca occidentalis","#E38170","#FEDA6D"
"Helianthemum scoparium","#E28158","#FEDA6C"
"Umbellularia californica","#E78453","#FEDA6C"
"Laurus nobilis","#E78554","#FEDA6C"
"Salix lasiolepis","#D37763","#FEDA6D"
"Viola pedunculata","#CE6875","#FEDA6D"
"Viola sempervirens","#CE6875","#FEDA6D"
"Viola ocellata","#CE6876","#FEDA6D"
"Linum bienne","#D06875","#FEDA6D"
"Linum grandiflorum","#D06875","#FEDA6D"
"Hesperolinon congestum","#D16A73","#FEDA6D"
"Passiflora mollissima","#D16F54","#FEDA6C"
"Passiflora incarnata","#D16F54","#FEDA6C"
"Euphorbia peplus","#CD6579","#FEDA6D"
"Euphorbia lathyris","#CD6579","#FEDA6D"
"Euphorbia oblongata","#CD6579","#FEDA6D"
"Croton setiger","#CE647C","#FEDA6D"
"Croton californicus","#CE647C","#FEDA6D"
"Hypericum anagalloides","#D16C82","#FEDA6D"
"Hypericum calycinum","#D16C82","#FEDA6D"
"Cynoglossum grande","#E87C63","#FEDA6D"
"Heliotropium arborescens","#E87D66","#FEDA6D"
"Heliotropium curassavicum","#E87D65","#FEDA6D"
"Myosotis latifolia","#E97E66","#FEDA6D"
"Myosotis discolor","#E97D66","#FEDA6D"
"Plagiobothrys nothofulvus","#E97D65","#FEDA6D"
"Plagiobothrys chorisianus","#E97C65","#FEDA6D"
"Amsinckia intermedia","#E97D65","#FEDA6D"
"Amsinckia spectabilis","#E97D65","#FEDA6D"
"Phacelia divaricata","#EA7E66","#FEDA6D"
"Phacelia californica","#EA7E66","#FEDA6D"
"Phacelia distans","#EA7F66","#FEDA6D"
"Phacelia malvifolia","#EA7E66","#FEDA6D"
"Nemophila menziesii","#EA7E68","#FEDA6D"
"Nemophila heterophylla","#EA7E68","#FEDA6D"
"Nemophila pedunculata","#EA7E68","#FEDA6D"
"Cryptantha flaccida","#E87D65","#FEDA6D"
"Cryptantha leiocarpa","#E87D65","#FEDA6D"
"Symphytum officinale","#E87C63","#FEDA6D"
"Echium candicans","#E87C63","#FEDA6D"
"Eriodictyon californicum","#E87C63","#FEDA6D"
"Garrya elliptica","#E78682","#FEDA6D"
"Asarum caudatum","#E77B7F","#FEDA6D"
"Aristolochia californica","#E77B7E","#FEDA6D"
"Oxalis oregana","#E1756D","#FEDA6D"
"Oxalis corniculata","#E1766C","#FEDA6D"
"Oxalis pes-caprae","#E1766D","#FEDA6D"
"Oxalis incarnata","#E1766C","#FEDA6D"
"Oxalis pilosa","#E0766C","#FEDA6D"
"Ilex aquifolium","#EA8454","#FEDA6C"
"Lepidium nitidum","#F99154","#FFDB6C"
"Lepidium latifolium","#F99254","#FFDB6C"
"Lepidium didymum","#F99154","#FFDB6C"
"Cardamine californica","#F98F56","#FFDB6C"
"Cardamine oligosperma","#F98F56","#FFDB6C"
"Streptanthus glandulosus","#F89055","#FFDB6C"
"Streptanthus batrachopus","#F99055","#FFDB6C"
"Erysimum capitatum","#FA9255","#FFDB6C"
"Erysimum franciscanum","#FA9255","#FFDB6C"
"Erysimum concinnum","#FA9254","#FFDB6C"
"Cakile edentula","#F98F56","#FFDB6C"
"Cakile maritima","#F98F56","#FFDB6C"
"Capsella bursa-pastoris","#F78E58","#FFDB6C"
"Hirschfeldia incana","#F78D57","#FFDB6C"
"Brassica nigra","#FA9155","#FFDB6C"
"Brassica rapa","#FA9155","#FFDB6C"
"Brassica oleracea","#FA9155","#FFDB6C"
"Sisymbrium officinale","#F89056","#FFDB6C"
"Sisymbrium orientale","#F89056","#FFDB6C"
"Nasturtium officinale","#F78E57","#FFDB6C"
"Raphanus sativus","#F89056","#FFDB6C"
"Raphanus raphanistrum","#F89056","#FFDB6C"
"Draba verna","#F78E57","#FFDB6C"
"Lobularia maritima","#F78E57","#FFDB6C"
"Arabis blepharophylla","#F78F57","#FFDB6C"
"Athysanus pusillus","#F78E57","#FFDB6C"
"Matthiola incana","#F88E58","#FFDB6C"
"Turritis glabra","#F88E57","#FFDB6C"
"Tropaeolum majus","#EE8A58","#FEDB6C"
"Marah fabacea","#E68261","#FEDA6D"
"Marah oregana","#E68261","#FEDA6D"
"Escallonia rubra","#D3637D","#FEDA6D"
"Ribes californicum","#D46281","#FEDA6D"
"Ribes menziesii","#D46381","#FEDA6D"
"Ribes sanguineum","#D46281","#FEDA6D"
"Ribes divaricatum","#D46381","#FEDA6D"
"Ribes malvaceum","#D46381","#FEDA6D"
"Heuchera micrantha","#D2667B","#FEDA6D"
"Lithophragma affine","#D3637D","#FEDA6D"
"Lithophragma heterophyllum","#D3637E","#FEDA6D"
"Tellima grandiflora","#D2657B","#FEDA6D"
"Micranthes californica","#D2667A","#FEDA6D"
"Platanus occidentalis","#D2706B","#FEDA6D"
"Platanus racemosa","#D2716B","#FEDA6D"
"Dudleya farinosa","#D2657C","#FEDA6D"
"Dudleya cymosa","#D2657C","#FEDA6D"
"Sedum spathulifolium","#D26777","#FEDA6D"
"Aeonium arboreum","#D3657C","#FEDA6D"
"Aeonium haworthii","#D2657C","#FEDA6D"
"Schoenoplectus maritimus","#A830B4","#F4D56E"
"Schoenoplectus californicus","#A830B4","#F4D56E"
"Schoenoplectus acutus","#A830B4","#F4D56E"
"Carex pendula","#A930B4","#F4D56E"
"Carex zikae","#A931B3","#F4D56E"
"Carex barbarae","#A931B3","#F4D56E"
"Carex obnupta","#A930B3","#F4D56E"
"Carex harfordii","#A930B3","#F4D56E"
"Carex globosa","#A930B4","#F4D56E"
"Scirpus microcarpus","#A72EB6","#F4D56E"
"Cyperus eragrostis","#A72FB6","#F4D56E"
"Isolepis cernua","#A72EB6","#F4D56E"
"Piptochaetium setosum","#A938AD","#F4D56E"
"Spartina foliosa","#AA37AE","#F4D56E"
"Cynosurus echinatus","#AA37AE","#F4D56E"
"Sporobolus airoides","#AB36AF","#F4D56E"
"Agrostis pallens","#AB36AF","#F4D56E"
"Aira caryophyllea","#AB36AF","#F4D56E"
"Avena barbata","#AD34B1","#F4D56E"
"Avena fatua","#AD33B1","#F4D56E"
"Bromus carinatus","#B032B3","#F4D56E"
"Bromus diandrus","#B031B3","#F4D56E"
"Bromus hordeaceus","#AF31B3","#F4D56E"
"Bromus laevipes","#AF31B3","#F4D56E"
"Bromus madritensis","#B031B3","#F4D56E"
"Bromus tectorum","#B032B2","#F4D56E"
"Bromus maritimus","#B031B2","#F4D56E"
"Cortaderia jubata","#AD34B1","#F4D56E"
"Cortaderia selloana","#AD34B1","#F4D56E"
"Elymus glaucus","#AA37AF","#F4D56E"
"Holcus lanatus","#AA37AF","#F4D56E"
"Hordeum murinum","#AE33B0","#F4D56E"
"Hordeum brachyantherum","#AE33B1","#F4D56E"
"Lolium perenne","#A937AF","#F4D56E"
"Melica torreyana","#AD34B0","#F4D56E"
"Melica californica","#AD34B0","#F4D56E"
"Nassella pulchra","#A938AE","#F4D56E"
"Poa annua","#AE32B1","#F4D56E"
"Poa secunda","#AF32B2","#F4D56E"
"Poa douglasii","#AF32B2","#F4D56E"
"Vulpia microstachys","#AA37AD","#F4D56E"
"Brachypodium distachyon","#A937AD","#F4D56E"
"Briza maxima","#AD33B0","#F4D56E"
"Briza minor","#AE33B0","#F4D56E"
"Festuca californica","#AF33B2","#F4D56E"
"Festuca idahoensis","#AF32B2","#F4D56E"
"Festuca arundinacea","#AF32B2","#F4D56E"
"Leymus triticoides","#AD34B0","#F4D56E"
"Leymus mollis","#AC34B0","#F4D56E"
"Koeleria macrantha","#AB35AD","#F4D56E"
"Phalaris aquatica","#AE33B0","#F4D56E"
"Phalaris californica","#AE33AF","#F4D56E"
"Taeniatherum caput-medusae","#AA36AC","#F4D56E"
"Polypogon monspeliensis","#AB36AC","#F4D56E"
"Distichlis spicata","#AA37AC","#F4D56E"
"Echinochloa crus-galli","#AB35AD","#F4D56E"
"Cynodon dactylon","#AB36AD","#F4D56E"
"Triticum aestivum","#AB36AE","#F4D56E"
"Paspalum dilatatum","#AC35AD","#F4D56E"
"Ammophila arenaria","#AC35AD","#F4D56E"
"Lagurus ovatus","#AC35AE","#F4D56E"
"Ehrharta erecta","#AC35AE","#F4D56E"
"Anthoxanthum odoratum","#AC35AE","#F4D56E"
"Rytidosperma penicillatum","#AC35AF","#F4D56E"
"Typha latifolia","#A62EB6","#F4D56E"
"Juncus lesueurii","#A72FB5","#F4D56E"
"Juncus patens","#A72FB5","#F4D56E"
"Juncus effusus","#A72FB5","#F4D56E"
"Juncus bufonius","#A72FB5","#F4D56E"
"Juncus xiphioides","#A72FB5","#F4D56E"
"Juncus balticus","#A82FB5","#F4D56E"
"Juncus falcatus","#A82FB5","#F4D56E"
"Luzula comosa","#A62EB6","#F4D56E"
"Piperia elegans","#A43DA5","#F4D56D"
"Piperia transversa","#A43DA5","#F4D56D"
"Calypso bulbosa","#A33CA8","#F4D56D"
"Corallorhiza maculata","#A43EA5","#F4D56D"
"Corallorhiza striata","#A33EA5","#F4D56D"
"Epipactis gigantea","#A33EA5","#F4D56D"
"Epipactis helleborine","#A33EA5","#F4D56D"
"Goodyera oblongifolia","#A33BA8","#F4D56D"
"Allium falcifolium","#A53DA7","#F4D56D"
"Allium triquetrum","#A43CA7","#F4D56D"
"Allium dichlamydeum","#A43CA7","#F4D56D"
"Allium unifolium","#A43DA7","#F4D56D"
"Allium amplectens","#A43DA7","#F4D56D"
"Allium neapolitanum","#A43DA7","#F4D56D"
"Ipheion uniflorum","#A33BA8","#F4D56D"
"Chlorogalum pomeridianum","#A23BA4","#F4D56D"
"Maianthemum racemosum","#A23DA4","#F4D56D"
"Maianthemum stellatum","#A23DA4","#F4D56D"
"Hyacinthoides hispanica","#A13BA4","#F4D56D"
"Chlorophytum comosum","#A13BA4","#F4D56D"
"Dietes iridioides","#A53EA7","#F4D56D"
"Iris pseudacorus","#A63FA6","#F4D56D"
"Iris douglasiana","#A63FA6","#F4D56D"
"Iris macrosiphon","#A63FA6","#F4D56D"
"Iris germanica","#A63FA6","#F4D56D"
"Iris foetidissima","#A640A6","#F4D56D"
"Sisyrinchium bellum","#A53FA6","#F4D56D"
"Sisyrinchium californicum","#A53EA6","#F4D56D"
"Sparaxis tricolor","#A53EA8","#F4D56D"
"Chasmanthe floribunda","#A53FA6","#F4D56D"
"Chasmanthe bicolor","#A53FA6","#F4D56D"
"Romulea rosea","#A53EA7","#F4D56D"
"Agapanthus praecox","#A13AA8","#F3D56D"
"Amaryllis belladonna","#A13AA9","#F3D56D"
"Dichelostemma capitatum","#A23CA4","#F4D56D"
"Dichelostemma congestum","#A23CA4","#F4D56D"
"Triteleia laxa","#A23BA8","#F4D56D"
"Brodiaea elegans","#A23CA4","#F4D56D"
"Brodiaea terrestris","#A33CA4","#F4D56D"
"Muilla maritima","#A23BA8","#F4D56D"
"Kniphofia uvaria","#A13AA9","#F3D56D"
"Calochortus tolmiei","#A03AAA","#F3D56D"
"Calochortus umbellatus","#A03AA9","#F3D56D"
"Calochortus luteus","#A03AA9","#F3D56D"
"Calochortus albus","#A13AA9","#F3D56D"
"Calochortus tiburonensis","#A03AA9","#F3D56D"
"Calochortus uniflorus","#A13AA9","#F3D56D"
"Calochortus argillosus","#A03AA9","#F3D56D"
"Lilium pardalinum","#9F39AA","#F3D56D"
"Scoliopus bigelovii","#9F39AA","#F3D56D"
"Fritillaria affinis","#A038AA","#F3D56D"
"Prosartes hookeri","#A039AA","#F3D56D"
"Prosartes smithii","#A039AA","#F3D56D"
"Clintonia andrewsiana","#9F39AA","#F3D56D"
"Trillium ovatum","#9F38AB","#F3D56D"
"Trillium chloropetalum","#9F38AB","#F3D56D"
"Trillium albidum","#9F38AB","#F3D56D"
"Toxicoscordion fremontii","#9E38AB","#F3D56D"
"Toxicoscordion fontanum","#9F38AB","#F3D56D"
"Xerophyllum tenax","#9E31AB","#F3D56D"
"Lysichiton americanus","#9E2EAB","#F2D56E"
"Arum italicum","#9E2EAB","#F2D56E"
"Zantedeschia aethiopica","#9E2EAC","#F2D56E"
"Zostera marina","#9E2DAC","#F2D56E"
"Phyllospadix scouleri","#9E2DAC","#F2D56E"
"Triglochin maritima","#9E2DAC","#F2D56E"
"Washingtonia robusta","#9D2DB4","#F2D56E"
"Tradescantia fluminensis","#9D2DB4","#F2D56E"
"Eichhornia crassipes","#9D2DB4","#F2D56E"
"Cladophora columbiana","#949953","#C1E46C"
"Ulva intestinalis","#959793","#C4E26D"
"Ulva lactuca","#959793","#C4E26D"
"Trentepohlia aurea","#949953","#C1E46C"
"Porphyra perforata","#972AC0","#D1C378"
"Corallina vancouveriensis","#9A29BF","#DFBF78"
"Bossiella dichotoma","#9A29C0","#DFBF78"
"Prionitis lanceolata","#9B29BF","#DFBF78"
"Prionitis linearis","#9A29BF","#DFBF78"
"Halosaccion glandiforme","#9A27C0","#DFBF79"
"Neogastroclonium subarticulatum","#9A27C0","#DFBF79"
"Cryptopleura ruprechtiana","#9C29BD","#DFBF78"
"Osmundea spectabilis","#9B29BD","#DFBF78"
"Neorhodomela larix","#9B29BD","#DFBF78"
"Callithamnion pikeanum","#9B2ABD","#DFBF78"
"Neoptilota densa","#9B2ABD","#DFBF78"
"Microcladia borealis","#9B2ABE","#DFBF78"
"Microcladia coulteri","#9B2ABD","#DFBF78"
"Endocladia muricata","#9D28BE","#DFBF78"
"Mastocarpus papillatus","#9C28BE","#DFBF78"
"Mastocarpus jardinii","#9C28BE","#DFBF78"
"Ahnfeltiopsis linearis","#9D28BE","#DFBF78"
"Erythrophyllum delesserioides","#9D28BF","#DFBF78"
"Sarcodiotheca gaudichaudii","#9D28BE","#DFBF78"
"Chondracanthus canaliculatus","#9C28BF","#DFBF78"
"Chondracanthus exasperatus","#9C28BE","#DFBF78"
"Mazzaella oregona","#9C27BF","#DFBF78"
"Mazzaella splendens","#9C27BF","#DFBF78"
"Mazzaella flaccida","#9C27BF","#DFBF78"
"Hypochnella violacea","#78003F","#50006A"
"Amanita calyptratoides","#8B1451","#50036A"
"Amanita flavoconia","#8B1352","#50036A"
"Amanita augusta","#8C1352","#50036A"
"Amanita pantherina","#8B1452","#50036A"
"Amanita muscaria","#8B1352","#50036A"
"Amanita velosa","#8B1351","#50036A"
"Amanita phalloides","#8C1452","#50036A"
"Amanita calyptroderma","#8B1452","#50036A"
"Amanita novinupta","#8B1352","#50036A"
"Amanita gemmata","#8B1351","#50036A"
"Amanita protecta","#8C1351","#50036A"
"Cyathus olla","#820944","#50026A"
"Cyathus striatus","#820944","#50026A"
"Fistulina hepatica","#830745","#50026A"
"Laccaria amethysteo-occidentalis","#810847","#50026A"
"Laccaria laccata","#800846","#50026A"
"Crepidotus mollis","#800847","#50026A"
"Crepidotus crocophyllus","#800847","#50026A"
"Phyllotopsis nidulans","#7F0645","#50026A"
"Hebeloma crustuliniforme","#800647","#50026A"
"Tubaria furfuracea","#7E0747","#50026A"
"Leptonia subviduense","#810946","#50026A"
"Leptonia pigmentosipes","#810A45","#50026A"
"Clitopilus prunulus","#800948","#50026A"
"Leucoagaricus rubrotinctus","#87104D","#50036A"
"Crucibulum laeve","#88114D","#50036A"
"Montagnea arenaria","#87114D","#50036A"
"Coprinus comatus","#88104D","#50036A"
"Agaricus californicus","#8A1250","#50036A"
"Agaricus xanthodermus","#8A1350","#50036A"
"Agaricus campestris","#8A1350","#50036A"
"Agaricus augustus","#8A1350","#50036A"
"Agaricus subrutilescens","#8A1350","#50036A"
"Chlorophyllum brunneum","#87114D","#50036A"
"Lepiota castaneidisca","#89124E","#50036A"
"Lepiota decorata","#89124E","#50036A"
"Caulorhiza umbonata","#860D4A","#50026A"
"Clitocybe nuda","#870D48","#50036A"
"Clitocybe nebularis","#860D48","#50036A"
"Lepista flaccida","#870E48","#50036A"
"Lepista nuda","#860E48","#50036A"
"Tricholoma terreum","#870E49","#50036A"
"Tricholoma dryophilum","#870E49","#50036A"
"Leucopaxillus gentianeus","#860E49","#50036A"
"Leucopaxillus albissimus","#860E49","#50036A"
"Melanoleuca melaleuca","#810A4A","#50026A"
"Volvopluteus gloiocephalus","#810A4A","#50026A"
"Pluteus exilis","#820B4B","#50026A"
"Pluteus cervinus","#830B4B","#50026A"
"Langermannia pachyderma","#830846","#50026A"
"Lycoperdon perlatum","#830846","#50026A"
"Pleurotus ostreatus","#7F0745","#50026A"
"Cortinarius trivialis","#7E0744","#50026A"
"Galerina marginata","#850C4B","#50026A"
"Agrocybe pediades","#850D4C","#50026A"
"Deconica coprophila","#850C4C","#50026A"
"Hypholoma fasciculare","#840E50","#50036A"
"Hypholoma capnoides","#840E50","#50036A"
"Leratiomyces ceres","#840F50","#50036A"
"Leratiomyces percevalii","#840F50","#50036A"
"Gymnopilus ventricosus","#830F50","#50036A"
"Gymnopilus thiersii","#830F50","#50036A"
"Clavaria fumosa","#800A49","#50026A"
"Clavaria fragilis","#800A49","#50026A"
"Ramariopsis kunzei","#800946","#50026A"
"Marasmius oreades","#820A47","#50026A"
"Marasmius quercophilus","#820B47","#50026A"
"Marasmius plicatulus","#820B47","#50026A"
"Gliophorus psittacinus","#850C49","#50026A"
"Hygrocybe singeri","#89124F","#50036A"
"Hygrocybe miniata","#89114F","#50036A"
"Hygrocybe acutoconica","#89124F","#50036A"
"Hygrocybe laetissima","#8A124E","#50036A"
"Hygrocybe flavescens","#8A124F","#50036A"
"Hygrocybe coccinea","#89114F","#50036A"
"Hygrophorus roseibrunneus","#860F4B","#50036A"
"Hygrophorus eburneus","#860F4B","#50036A"
"Schizophyllum commune","#7E0749","#50026A"
"Macrotyphula juncea","#7F064A","#50026A"
"Panaeolina foenisecii","#7E0748","#50026A"
"Bolbitius titubans","#7F0748","#50026A"
"Inocybe geophylla","#7F094C","#50026A"
"Inocybe sororia","#7F094C","#50026A"
"Mycena murina","#88104E","#50036A"
"Mycena abramsii","#88104E","#50036A"
"Mycena acicula","#88104E","#50036A"
"Mycena capillaripes","#89104D","#50036A"
"Mycena haematopus","#88104E","#50036A"
"Mycena leptocephala","#88104D","#50036A"
"Mycena pura","#88104E","#50036A"
"Xeromphalina campanella","#830C4A","#50026A"
"Strobilurus trullisatus","#820A45","#50026A"
"Armillaria sinapina","#810B46","#50026A"
"Armillaria mellea","#810B46","#50026A"
"Flammulina velutipes","#820A45","#50026A"
"Panaeolus subbalteatus","#840B4A","#50026A"
"Coprinopsis atramentaria","#840C4A","#50026A"
"Parasola auricoma","#840C4B","#50026A"
"Coprinellus disseminatus","#840C4B","#50026A"
"Coprinellus micaceus","#850C4B","#50026A"
"Psathyrella longipes","#850D4C","#50036A"
"Psathyrella candolleana","#850D4C","#50036A"
"Psathyrella gracilis","#860D4C","#50036A"
"Marasmiellus candidus","#7F0845","#50026A"
"Omphalotus olivascens","#7F0845","#50026A"
"Cantharellus californicus","#79013F","#50006A"
"Craterellus calicornucopioides","#79013F","#50006A"
"Clavulina cristata","#79013F","#50006A"
"Cryptoporus volvatus","#7C0443","#50016A"
"Tyromyces chioneus","#7C0442","#50016A"
"Trametes versicolor","#7C0443","#50016A"
"Laetiporus gilbertsonii","#7C0443","#50016A"
"Lenzites betulina","#7C0443","#50016A"
"Panus conchatus","#7B0442","#50016A"
"Ganoderma brownii","#7A0340","#50006A"
"Ganoderma applanatum","#7A0340","#50006A"
"Fomitopsis pinicola","#7A0240","#50006A"
"Phaeolus schweinitzii","#7A0240","#50006A"
"Russula xerampelina","#7D0542","#50016A"
"Russula cerolens","#7D0542","#50016A"
"Russula sanguinea","#7D0542","#50016A"
"Lactarius xanthogalactus","#7E0644","#50016A"
"Lactarius rubrilacteus","#7D0644","#50016A"
"Lactarius rufulus","#7E0644","#50016A"
"Lactarius deliciosus","#7E0643","#50016A"
"Lactarius alnicola","#7E0543","#50016A"
"Lactarius rubidus","#7D0644","#50016A"
"Hericium erinaceus","#7C0542","#50016A"
"Hericium coralloides","#7C0542","#50016A"
"Auriscalpium vulgare","#7D053F","#50016A"
"Stereum hirsutum","#7D053E","#50016A"
"Chroogomphus vinicolor","#7A0240","#50006A"
"Xerocomellus zelleri","#7B0441","#50016A"
"Xerocomellus mendocinensis","#7B0342","#50016A"
"Suillellus amygdalinus","#7B0341","#50006A"
"Boletus eastwoodiae","#7B0341","#50006A"
"Suillus pungens","#7B0341","#50006A"
"Suillus ponderosus","#7B0341","#50006A"
"Suillus caerulescens","#7B0341","#50006A"
"Hygrophoropsis aurantiaca","#7A0240","#50006A"
"Pisolithus arhizus","#7A0241","#50006A"
"Clathrus archeri","#79013E","#50006A"
"Clathrus ruber","#79013E","#50006A"
"Exidia glandulosa","#780144","#50006A"
"Exidia nucleata","#780144","#50006A"
"Geastrum saccatum","#780040","#50006A"
"Ramaria myceliosa","#790240","#50006A"
"Ramaria formosa","#790140","#50006A"
"Ramaria stricta","#790240","#50006A"
"Phellinus gilvus","#78003E","#50006A"
"Contumyces rosellus","#781453","#4F036C"
"Dacrymyces stillatus","#781538","#4F0967"
"Tremellodendropsis tuberosa","#77143D","#4F0968"
"Tremella mesenterica","#77153D","#4F0968"
"Tremella foliacea","#77143D","#4F0968"
"Tremella aurantia","#77153D","#4F0968"
"Dermatocarpon meiophyllizum","#6F1F31","#401263"
"Chrysothrix candelaris","#6F1F34","#401266"
"Peltula euploca","#6F1F31","#401262"
"Aleuria aurantia","#6E1D33","#3F1065"
"Scutellinia crinita","#6E1E33","#3F1065"
"Scutellinia scutellata","#6E1E33","#3F1065"
"Sarcoscypha coccinea","#6D1D32","#3F1065"
"Helvella maculata","#6D1D32","#3F1065"
"Helvella vespertina","#6D1D33","#3F1065"
"Gyromitra infula","#6D1D32","#3F1065"
"Hypomyces chrysospermus","#6E1E31","#401164"
"Xylaria hypoxylon","#6E1E31","#401164"
"Annulohypoxylon thouarsianum","#6E1E31","#401164"
"Pertusaria californica","#6F1A34","#430F67"
"Rhizocarpon macrosporum","#6F1934","#430F67"
"Lecidea tessellata","#6F1935","#430F67"
"Niebla ceruchoides","#74173A","#440F67"
"Niebla combeoides","#74173A","#440F67"
"Niebla homalea","#74173A","#440F67"
"Niebla cephalota","#74173A","#440F67"
"Ramalina pollinaria","#75183B","#440F67"
"Ramalina subleptocarpha","#75193B","#440F67"
"Ramalina leptocarpha","#75183B","#440F67"
"Ramalina canariensis","#75183B","#440F67"
"Ramalina menziesii","#75193A","#440F67"
"Ramalina farinacea","#75183B","#440F67"
"Cladonia macilenta","#731539","#440F67"
"Cladonia concinna","#731539","#440F67"
"Cladidium bolanderi","#731538","#440F67"
"Protoparmeliopsis pinguis","#731538","#440F67"
"Parmotrema","#76163C","#440F67"
"Platismatia herrei","#76163C","#440F67"
"Flavoparmelia caperata","#76163B","#440F67"
"Hypogymnia physodes","#77193C","#440F67"
"Hypogymnia heterophylla","#77193D","#440F67"
"Hypogymnia imshaugii","#77193D","#440F67"
"Hypogymnia tubulosa","#77193D","#440F67"
"Evernia prunastri","#75163C","#440F67"
"Tuckermannopsis orbata","#76163B","#440F67"
"Usnea rubicunda","#76183C","#440F67"
"Usnea intermedia","#76183C","#440F67"
"Usnea","#76183C","#440F67"
"Flavopunctelia flaventior","#75163C","#440F67"
"Physcia tribacia","#74173A","#440F67"
"Physcia adscendens","#741739","#440F67"
"Physcia millegrana","#74173A","#440F67"
"Physcia subtilis","#74173A","#440F67"
"Heterodermia leucomela","#731539","#440F67"
"Physconia isidiigera","#731639","#440F67"
"Nephroma laevigatum","#701D36","#430F67"
"Nephroma helveticum","#711D36","#430F67"
"Collema furfuraceum","#701D35","#430F67"
"Scytinium palmatum","#701C35","#430F67"
"Leptochidium albociliatum","#701C35","#430F67"
"Sticta limbata","#711B36","#430F67"
"Sticta fuliginosa","#711B36","#430F67"
"Lobaria anomala","#711B37","#430F67"
"Lobaria anthraspis","#711B36","#430F67"
"Peltigera collina","#701C35","#430F67"
"Fuscopannaria coralloidea","#701B35","#430F67"
"Thelomma mammosum","#711A36","#430F67"
"Thelomma occidentale","#711A36","#430F67"
"Xanthomendoza hasseana","#721B37","#430F67"
"Polycauliona candelaria","#721C38","#430F67"
"Polycauliona coralloides","#731C37","#430F67"
"Polycauliona ignea","#721C38","#430F67"
"Polycauliona polycarpa","#731C37","#430F67"
"Rusavskia elegans","#721A37","#430F67"
"Xanthoria parietina","#721A37","#430F67"
"Teloschistes chrysophthalmus","#721B37","#430F67"
"Teloschistes flavicans","#721B37","#430F67"
"Umbilicaria phaea","#701A35","#430F67"
"Umbilicaria polyphylla","#701A35","#430F67"
"Chlorociboria aeruginascens","#6E1E32","#401164"
"Bisporella sulfurina","#6E1E32","#401164"
"Bulgaria inquinans","#6F1E32","#401165"
"Ammonia tepida","#9023D9","#7289C1"
"Elphidiella hannai","#8F24D9","#718AC2"
"Elphidium gunteri","#8F24DA","#718AC2"
"Elphidium excavatum","#8F24DA","#718AC2"
"Elphidium magellanicum","#8F24DA","#718AC2"
"Nonionella basispinata","#9023D8","#7289C1"
"Buccella frigida","#8F23D9","#7189C1"
"Rotorbinella campanulata","#9023D9","#7189C1"
"Buliminella elegantissima","#9123D9","#7289C2"
"Globigerina quinqueloba","#9023D9","#7289C2"
"Bolivina striatula","#9022D8","#7289C1"
"Fursenkoina pontoni","#9023D9","#7289C1"
"Bulimina denudata","#9022D8","#7289C1"
"Trochammina inflata","#9122D8","#7289C1"
"Trochammina hadai","#9122D8","#7289C1"
"Trochammina pacifica","#9122D8","#7289C1"
"Trochammina kellettae","#9122D8","#7289C1"
"Entzia macrescens","#9122D7","#7289C1"
"Haplophragmoides subinvolutum","#9122D7","#7289C1"
"Miliammina fusca","#941FDE","#7884C5"
"Fissurina lucida","#8F24FF","#6C94FF"
"Oolina melo","#8F24FF","#6C94FF"
"Arcyria incarnata","#8F24D7","#718DA2"
"Reticularia lycoperdon","#9320D5","#77889A"
"Lycogala epidendrum","#941FD5","#77889A"
"Stemonitopsis typhina","#9320D5","#77889A"
"Brefeldia maxima","#9320D5","#77889A"
"Stemonitis fusca","#9320D6","#77889A"
"Fuligo septica","#9221D7","#76899A"
"Leocarpus fragilis","#9221D7","#76899A"
"Physarum album","#9221D7","#76899A"
"Physarum globuliferum","#9221D7","#76899A"
"Didymium squamulosum","#9221D7","#76899A"
"Diachea leucopodia","#9320D6","#76899A"
"Arcyria obvelata","#9320D6","#77899A"
"Arcyria denudata","#9320D6","#77899A"
"Hemitrichia clavata","#9221D6","#76899A"
"Hemitrichia calyculata","#9221D6","#76899A"
"Metatrichia floriformis","#9320D6","#77899A"
"Ceratiomyxa fruticulosa","#941FD5","#7A8598"
"Centropyxis constricta","#941FFD","#877ED9"
"Ceratium lineatum","#8E2A2A","#6AC516"
"Ceratium furca","#8E2A2A","#6AC516"
"Isthmia nervosa","#8E270B","#67BD0A"
"Pseudo-nitzschia seriata","#8E270B","#67BD0A"
"Analipus japonicus","#8E2502","#66BD01"
"Colpomenia sinuosa","#8D2502","#66BD00"
"Scytosiphon lomentaria","#8E2502","#66BD00"
"Desmarestia ligulata","#8E2502","#66BD01"
"Stephanocystis osmundacea","#8D2402","#66BD00"
"Pelvetiopsis limitata","#8D2500","#66BD00"
"Fucus distichus","#8D2500","#66BD00"
"Undaria pinnatifida","#8D2601","#66BD00"
"Alaria marginata","#8D2601","#66BD00"
"Egregia menziesii","#8D2501","#66BD00"
"Nereocystis luetkeana","#8C2601","#66BD00"
"Macrocystis pyrifera","#8C2601","#66BD00"
"Postelsia palmaeformis","#8C2601","#66BD00"
"Costaria costata","#8D2601","#66BD00"
"Laminaria sinclairii","#8C2601","#66BD00"
"Laminaria setchellii","#8C2600","#66BD00"
"Nostoc pruniforme","#91FF29","#72FF16"
